create database if not exists cinema;
use cinema;

insert into memberships (membership_type, point_rate)
values ('NORMAL', 0.01),
       ('VIP', 0.03),
       ('PLATINUM', 0.05);

insert into roles (role_name)
values ('ROLE_ADMIN'),
       ('ROLE_USER');

INSERT INTO users (user_name, birthday, start_join, accumulated_points, total_spent, address, gender, email,
                   membership_id, password)
VALUES ('Phan Hồng Phúc', '1984-07-07', '2008-01-13 19:36:53', null, null, 'Đặng Văn Ngữ, Quận 3, Huế', 'FEMALE',
        'phanhongphuc@gmail.com', null, '$2a$12$7vRqOwH.6fA3iHOtpeHP0O5.IuI6irJ4t1pwnbH5nXDBZ5ecpEayS'),
       ('Đặng Hồng Hương', '1964-09-12', '1977-10-09 08:42:28', null, null, 'Võ Thị Sáu, Quận 8, Hải Phòng', 'FEMALE',
        'danghonghuong@gmail.com', null, '$2b$12$mpbSDVc7dSfjuLJp.N4s/uB9sZg6d30dR6tHYb5ZdTYv70BeWbZuy'),
       ('Vũ Ngọc Hùng', '1996-05-04', '2010-08-31 12:06:54', null, null, 'Bùi Thị Xuân, Quận 6, Đà Lạt', 'MALE',
        'vungochung@gmail.com', null, '$2b$12$DsCfxZ9LTMEhyu01zlPYN.k4NKawNgsduulXpG5YF.sYPmI81x4J6'),
       ('Trần Thanh Bình', '1959-06-08', '1974-01-14 19:03:46', null, null, 'Vũ Tông Phan, Quận 9, Buôn Ma Thuột',
        'FEMALE', 'tranthanhbinh@gmail.com', null, '$2b$12$Lwb/j0.PkKH169hi7u1yBeA5YzUEEXwMjBmC7YxnqWFxtbO/Q39Ki'),
       ('Nguyễn Hồng Phúc', '1955-05-26', '2007-12-17 10:04:30', null, null, 'Lê Lợi, Quận 2, Đà Nẵng', 'OTHERS',
        'nguyenhongphuc@gmail.com', null, '$2b$12$vylDEdyR8jDwlKORNbvJxeWte8IFlgTi0qKJjDXJRwW9Zt23EhuJq'),
       ('Lê Thị Trang', '1979-01-19', '2002-07-21 14:46:34', null, null, 'Bùi Thị Xuân, Quận 7, Vũng Tàu', 'FEMALE',
        'lethitrang@gmail.com', null, '$2b$12$R1BW98v9yqmxV5BoRZNj4eYN7hkvomGYXbDZNAZ7DHcwI1Gf6sRT6'),
       ('Lê Tấn Lan', '2001-02-12', '2023-06-02 09:21:24', null, null, 'Trần Hưng Đạo, Quận 5, Vũng Tàu', 'OTHERS',
        'letanlan@gmail.com', null, '$2b$12$Vh1Qa9wVbSDU.RnKRLfaoulpZIJFXrYmTGLc84GpfWEnMM2Vo6fG2'),
       ('Phan Ngọc Phương', '1994-06-13', '2020-07-01 21:27:14', null, null, 'Võ Thị Sáu, Quận 1, Buôn Ma Thuột',
        'MALE', 'phanngocphuong@gmail.com', null, '$2b$12$mdW8wvn4SrrQw9RyekE1FO7E/m3erRe.VyZ0qY5jiyiMGMXO1rWAW'),
       ('Bùi Văn Phương', '1975-08-27', '2021-04-30 09:20:35', null, null, 'Phạm Ngũ Lão, Quận 11, Nha Trang', 'MALE',
        'buivanphuong@gmail.com', null, '$2b$12$.IlLNmqFwArDWd2OkyL2S.2Qm8VJdnUd6iUS69aBohdjsu5BQRH/S'),
       ('Trần Hữu Quang 2', '1951-01-09', '1971-11-21 04:47:22', null, null, 'Phạm Ngũ Lão, Quận 10, Biên Hòa', 'MALE',
        'tranhuuquang2@gmail.com', null, '$2b$12$4LlPaUYlyWQc/Tr8MGZBD.SXouy9sjUZEDlU.IZdSNJSHY1JYy632'),
       ('Võ Thảo Phúc', '1978-01-27', '2020-11-16 16:50:50', 18000, 51000, 'Trần Hưng Đạo, Quận 11, Nha Trang', 'MALE',
        'vothaophuc@gmail.com', 3, '$2b$12$iI4jDClRAWmF7mpfGfIiJeIqBixuSJvE5NZNVAiF8J57IENRRgTza'),
       ('Bùi Thị Kiều Trang', '2004-01-21', '2024-06-08 04:34:34', 93000, 58000, 'Phạm Ngũ Lão, Quận 1, Hải Phòng',
        'FEMALE', 'tieuphuchac1103@gmail.com', 2, '$2b$12$0LQWnq8QnodkrMjtTKZJM.KvmumvlaRpmQHXXLUmZ1M/o4P/Peo7q'),
       ('Hoàng Minh Hùng', '1951-09-27', '2020-04-11 14:54:54', 70000, 41000, 'Phạm Ngũ Lão, Quận 1, Huế', 'FEMALE',
        'hoangminhhung@gmail.com', 1, '$2b$12$KsBK1VFyYFcVd1B3EYPObeuRPechs6dmGKbXsUaiGYckKhGR9En96'),
       ('Lê Minh Phúc', '1995-08-10', '2007-05-28 15:21:33', 91000, 38000, 'Bùi Thị Xuân, Quận 5, Đà Lạt', 'OTHERS',
        'leminhphuc@gmail.com', 1, '$2b$12$RCTxr.7uTwY/055ZRDgeBuaAjIyo7iTqyvshinSK14X4VKfpy.39y'),
       ('Trần Thị Bình', '1960-08-04', '1978-11-06 07:43:06', 68000, 96000, 'Nguyễn Trãi, Quận 10, Đà Lạt', 'MALE',
        'tranthibinh@gmail.com', 1, '$2b$12$HhhMcaJ6FOzsaIajf7J0XepadBaQs0RfyymixKRcTki.qHHNLkNOa'),
       ('Trần Minh Quang', '1966-09-02', '1978-12-09 22:43:10', 69000, 6000, 'Hoàng Diệu, Quận 10, Vũng Tàu', 'FEMALE',
        'tranminhquang@gmail.com', 1, '$2b$12$JWrdFBawHypbl8bCBmzha.51qajTjgwl2oEXzw5y1Z7LfGkdtyYJO'),
       ('Phan Hữu Trang', '1960-07-23', '2002-10-21 23:21:18', 12000, 81000, 'Trần Hưng Đạo, Quận 6, Nha Trang',
        'FEMALE', 'phanhuutrang@gmail.com', 2, '$2b$12$nD8bIlIpk9hZmiwL97zyi.mB8yjnN17iKRBk9N/Zyjiahyi.9fJ0i'),
       ('Phan Anh Phương', '1978-03-24', '2006-02-19 16:46:44', 69000, 1000, 'Vũ Tông Phan, Quận 4, Hồ Chí Minh',
        'OTHERS', 'phananhphuong@gmail.com', 3, '$2b$12$03kcppqNoylFCGofUihLo.65bZj/OLpRIbFA4m7gmA7kBo9iEhiwi'),
       ('Vũ Minh Hương', '1951-02-22', '1985-11-23 08:29:15', 38000, 54000, 'Võ Thị Sáu, Quận 10, Cần Thơ', 'MALE',
        'vuminhhuong@gmail.com', 2, '$2b$12$ZBJc2ATuFKYYkFN1ZUnTqeIwu.20nPdGGH2k/4ALhqzGRHFYJX4Ke'),
       ('Vũ Thị Phương', '1951-05-10', '2011-03-29 20:16:24', 34000, 55000, 'Vũ Tông Phan, Quận 7, Hồ Chí Minh',
        'FEMALE', 'vuthiphuong@gmail.com', 2, '$2b$12$FF9Bs310U8oWpDR1Jq8j/ePWLIGL3X0wln8oScfEIcQ6ETvbo2R5e'),
       ('Võ Hữu Phương', '1999-10-03', '2018-10-18 04:31:43', 9000, 28000, 'Hoàng Diệu, Quận 5, Cần Thơ', 'MALE',
        'vohuuphuong@gmail.com', 1, '$2b$12$4VGMzfoA3dAGOPiD7OHRG.n8.RqepWFpqqF5S5oG3KyfK5piTS1bi'),
       ('Huỳnh Ngọc Lan', '1987-01-28', '2002-09-17 23:31:48', 83000, 21000, 'Hoàng Diệu, Quận 11, Nha Trang', 'MALE',
        'huynhngoclan@gmail.com', 1, '$2b$12$.WyJI1LW0R1F1AeEVehwkOJTMsEjs5YZMXwynecM2e.aE3o7vlAG.'),
       ('Nguyễn Thảo Lan', '1978-04-25', '1992-07-26 16:59:35', 11000, 41000, 'Nguyễn Trãi, Quận 3, Vũng Tàu', 'OTHERS',
        'nguyenthaolan@gmail.com', 2, '$2b$12$s9eoEPZx4AGXrr8mni9jvOsmCMTpW1JpYtHejN2Kckf4NacKIiIB6'),
       ('Hoàng Thanh Phúc', '1974-02-15', '1985-05-22 21:07:22', 24000, 13000, 'Bùi Thị Xuân, Quận 3, Đà Nẵng',
        'OTHERS', 'hoangthanhphuc@gmail.com', 3, '$2b$12$FjUNixTV6VLqARY/kVG/luW69hRq6taHlJlVb37wF834IjvrXFS2W'),
       ('Trần Văn Hương', '1996-05-11', '2009-05-04 14:38:18', 10000, 75000, 'Lê Lợi, Quận 3, Buôn Ma Thuột', 'OTHERS',
        'tranvanhuong@gmail.com', 2, '$2b$12$i5pUxiFcsCn0Cf94M6BJ2uMRqs1p9BbfcLjcxWAYMTtCo8ENmSlAG'),
       ('Phạm Thảo Bình', '1996-02-01', '2010-06-05 12:40:32', 46000, 99000, 'Võ Thị Sáu, Quận 3, Đà Lạt', 'FEMALE',
        'phamthaobinh@gmail.com', 2, '$2b$12$Ue.ual63gxDxgEMhMddDDu.obuE3j3/DQxmXDIhMmcspOZN./LV66'),
       ('Bùi Thị Bình', '1957-06-14', '1994-05-10 00:50:39', 17000, 99000, 'Phan Đình Phùng, Quận 10, Huế', 'MALE',
        'buithibinh@gmail.com', 3, '$2b$12$RjWGYsFQLT6p2UZ6qstK4eBAowLrJm27ygaZpKAcNvM7alyj5LRLC'),
       ('Huỳnh Văn Lan', '1951-11-20', '2004-07-19 22:16:56', 6000, 29000, 'Hoàng Diệu, Quận 1, Vũng Tàu', 'FEMALE',
        'huynhvanlan@gmail.com', 2, '$2b$12$vyHTbco3PWLgwTNRRlF7texQc6tg7U9bH9MaCZXznR15o55uiBq5y'),
       ('Lê Quốc Dũng', '1987-12-05', '2005-01-26 14:25:19', 95000, 22000, 'Bùi Thị Xuân, Quận 6, Vũng Tàu', 'MALE',
        'lequocdung@gmail.com', 1, '$2b$12$4bqB.7M3dqf8oba2rsifjuRrKQU8JoAhTctWXeDVTJqLeTL5bW3jy'),
       ('Đặng Thanh Hương', '1967-07-04', '2008-01-04 07:30:20', 49000, 39000, 'Vũ Tông Phan, Quận 6, Vũng Tàu',
        'FEMALE', 'dangthanhhuong@gmail.com', 2, '$2b$12$M.b.m3l9tcF2K0E2AaiKWeyL4YUBKO8MZcn7B9AQM.35dKMHSLhra'),
       ('Lê Thị Dũng', '1987-12-04', '2021-02-05 18:13:05', 97000, 12000, 'Huỳnh Tấn Phát, Quận 6, Vũng Tàu', 'OTHERS',
        'lethidung@gmail.com', 1, '$2b$12$xhqXG42//jQCfsLbja8dH.V3/4XsGyvVlCHSMpXh6Og09IIGglziW'),
       ('Nguyễn Hữu Bình', '1958-09-12', '1979-07-28 01:13:21', 98000, 62000, 'Lê Lợi, Quận 3, Hải Phòng', 'FEMALE',
        'nguyenhuubinh@gmail.com', 2, '$2b$12$jK4Pz8ly2Glz5cal7qqW3.n2YwTCVLie2/im/eKF9fE0FaUsy1Xle'),
       ('Huỳnh Thanh Bình', '1984-01-01', '2000-11-18 07:35:16', 41000, 12000, 'Phan Đình Phùng, Quận 9, Buôn Ma Thuột',
        'FEMALE', 'huynhthanhbinh@gmail.com', 3, '$2b$12$JmAp2zyz3ykFkyUXX2dvEOK1GLyIi6IKVCBMz5UxTYiYwnZRKQ1Le'),
       ('Phạm Ngọc Bình', '1966-07-05', '2013-08-08 08:21:03', 0, 21000, 'Hoàng Diệu, Quận 10, Biên Hòa', 'OTHERS',
        'phamngocbinh@gmail.com', 3, '$2b$12$0daVKVk0k4ATQ6wxLmzqkOFG0CQuVjixRSjAQH8l4.aGlR77Epslq'),
       ('Huỳnh Tấn Bình', '2003-02-28', '2023-08-17 19:57:28', 63000, 86000, 'Hoàng Diệu, Quận 10, Đà Lạt', 'MALE',
        'huynhtanbinh@gmail.com', 2, '$2b$12$jRWkEpnaYIcNEi2mfKLmY.2Kj6oMMyZTXnup6opKkqSiHGEkqMvLW'),
       ('Bùi Thị Phương', '1961-01-26', '2015-10-11 04:21:43', 79000, 68000, 'Võ Thị Sáu, Quận 9, Đà Lạt', 'MALE',
        'buithiphuong@gmail.com', 1, '$2b$12$fWDhg11fZyJjUfHsBnhuZ.YtRS3XtBgbMrMggfqTQdq8dsJPfS89S'),
       ('Đặng Minh Hạnh', '1995-01-03', '2016-09-23 22:38:36', 27000, 22000, 'Phan Đình Phùng, Quận 10, Huế', 'OTHERS',
        'dangminhhanh@gmail.com', 3, '$2b$12$hAuBzgs1zmIs0bRF381Dz.87UDE/cZurn2itH5Mn654GESynDPBz2'),
       ('Võ Văn Dũng', '1967-04-30', '1999-11-14 07:07:09', 36000, 34000, 'Vũ Tông Phan, Quận 10, Vũng Tàu', 'OTHERS',
        'vovandung@gmail.com', 2, '$2b$12$hlw/QtJNIPSNZoPNpogXoO9/5/lxNIaxD7Acw8Z5IsG9/9uCDQYva'),
       ('Võ Hữu Hương', '1987-01-19', '2021-03-03 23:04:16', 23000, 27000, 'Võ Thị Sáu, Quận 9, Hải Phòng', 'FEMALE',
        'vohuuhuong@gmail.com', 1, '$2b$12$A/pFlKrByMalbMDDIZDOte.nTu9j2bpG9JzeULtlTDhy5t8J0swdm'),
       ('Lê Thảo Quang', '1995-11-25', '2005-12-12 16:02:18', 15000, 67000, 'Vũ Tông Phan, Quận 2, Cần Thơ', 'MALE',
        'lethaoquang@gmail.com', 3, '$2b$12$ZuxP/dYOQFzliQ/bF362kuUGLQi.AKo1RgsEVtnaVONSJibD4kcu.'),
       ('Đặng Tấn Hùng', '1999-09-28', '2014-03-20 23:48:27', 31000, 99000, 'Nguyễn Trãi, Quận 4, Hà Nội', 'FEMALE',
        'dangtanhung@gmail.com', 2, '$2b$12$BoYYMzW58rjDWADA..Tm6usmChOL4y7tDUqv/mfBao5iWcIO.FFpy'),
       ('Trần Anh Dũng', '1999-06-03', '2011-08-25 00:09:00', 34000, 28000, 'Bùi Thị Xuân, Quận 5, Hồ Chí Minh',
        'FEMALE', 'trananhdung@gmail.com', 1, '$2b$12$9A7/UnZhEZ5JwjYYqIXQ4uizAiBurn2OPfOhYx4OQmoQVsCioBQO6'),
       ('Phạm Hồng Lan', '1978-01-10', '1996-05-14 13:18:24', 81000, 62000, 'Vũ Tông Phan, Quận 7, Đà Nẵng', 'FEMALE',
        'phamhonglan@gmail.com', 1, '$2b$12$kRjdCKa4U/f0DeRLEO69JOMXexbEQdaAytc8ABvBybwJqW0KvTmoC'),
       ('Võ Minh Bình 1', '1967-12-07', '1996-07-08 11:24:09', 79000, 93000, 'Bùi Thị Xuân, Quận 7, Huế', 'MALE',
        'vominhbinh1@gmail.com', 1, '$2b$12$EiuUt8LZTTvdZYrY4Bqhhul1HUs2/y44XzK0ImeeNJdgSUEsbRXRK'),
       ('Trần Hữu Hùng', '1959-11-12', '1979-01-28 18:56:06', 66000, 20000, 'Bùi Thị Xuân, Quận 2, Hải Phòng', 'MALE',
        'tranhuuhung@gmail.com', 2, '$2b$12$0w/QK5OTVjZVA8QqBrTSge6GDVt0/JXH0KW039ak0rGHu6CKgXBjC'),
       ('Trần Hồng Tú', '2000-06-11', '2011-11-19 12:32:31', 65000, 16000, 'Vũ Tông Phan, Quận 10, Buôn Ma Thuột',
        'MALE', 'tranhongtu@gmail.com', 3, '$2b$12$rywM9tILe8qzuwcE8GYGnOSz9pqzQ2u.B58boE8Bs4XQVgFc9R4Em'),
       ('Phạm Văn Bình', '2000-05-24', '2024-11-04 21:55:42', 12000, 55000, 'Phan Đình Phùng, Quận 5, Buôn Ma Thuột',
        'MALE', 'phamvanbinh@gmail.com', 3, '$2b$12$lml9p/aLAUxWubd7FUy0KeiosJTueocq7FrWwslOjCY6mtWZpig32'),
       ('Nguyễn Quốc Hạnh', '1990-06-04', '2019-06-29 15:22:05', 53000, 18000, 'Phạm Ngũ Lão, Quận 7, Nha Trang',
        'FEMALE', 'nguyenquochanh@gmail.com', 2, '$2b$12$wEhP8E1fblk.3R/LpdmhpOAZy7HvI4xuv2F.NotYwaUiRfld.b7nO'),
       ('Vũ Anh Tú', '1982-02-24', '2017-08-18 15:43:40', 82000, 0, 'Hoàng Diệu, Quận 3, Hải Phòng', 'OTHERS',
        'vuanhtu@gmail.com', 2, '$2b$12$yWdYQjJ/At1RjbP5sMmfqe67N8ZmvjnctynNydClul4fWu4uhHNjK'),
       ('Phan Hữu Hương', '1968-10-11', '1991-09-23 00:52:09', 99000, 86000, 'Phạm Ngũ Lão, Quận 4, Hồ Chí Minh',
        'MALE', 'phanhuuhuong@gmail.com', 3, '$2b$12$GpM980gxflvapyl0uuGtYO9feAMxKj6W179.HC0oM.5oIj3kzyqC6'),
       ('Võ Hồng Hạnh', '1996-11-03', '2023-04-17 22:29:26', 60000, 19000, 'Bùi Thị Xuân, Quận 9, Nha Trang', 'MALE',
        'vohonghanh@gmail.com', 1, '$2b$12$Fd2aksAYtIE3hC2CS1HzrOS7N0uakt7sVTg83a0uT95KQDqPiAxyC'),
       ('Hoàng Hữu Tú', '1994-07-17', '2004-07-31 10:07:57', 68000, 46000, 'Phan Đình Phùng, Quận 8, Cần Thơ', 'OTHERS',
        'hoanghuutu@gmail.com', 2, '$2b$12$OJ1hENN4osmnjywAm0eBxuu1oM9Pzxe7GPaXDVmpRL2Z8yZmYd0uu'),
       ('Lê Tấn Hương', '1996-04-06', '2006-11-07 05:43:43', 52000, 70000, 'Huỳnh Tấn Phát, Quận 7, Đà Lạt', 'FEMALE',
        'letanhuong@gmail.com', 1, '$2b$12$UdeBgg9fJoZeeYgpmAF7VOd9.dfcRlvyPOPbKEDo71h7/GTWG5JWu'),
       ('Phan Quốc Phương', '1952-03-25', '1978-03-21 22:58:58', 5000, 76000, 'Hoàng Diệu, Quận 10, Biên Hòa', 'MALE',
        'phanquocphuong@gmail.com', 3, '$2b$12$F56FC4Qog4z5zvmv28elK.hHHN5Rry2aAaTcrxWSOm.ZYuwgebrya'),
       ('Vũ Thanh Bình', '1968-08-20', '1997-06-11 01:36:42', 53000, 59000, 'Hoàng Diệu, Quận 9, Hải Phòng', 'OTHERS',
        'vuthanhbinh@gmail.com', 2, '$2b$12$wJ8yMAMZOI1g0UEJFav2f.AEYkkWgLIQW3vFuMs29etp6Q3WaiLWC'),
       ('Phạm Thị Hương', '1960-12-29', '1983-06-11 09:59:11', 70000, 42000, 'Đặng Văn Ngữ, Quận 8, Biên Hòa', 'FEMALE',
        'phamthihuong@gmail.com', 3, '$2b$12$o6jnzMoIrv36BFiZKFu/LuF7mlNflZMegtk3e0u2QjSvbCDkKEsJu'),
       ('Huỳnh Minh Hùng', '1975-06-08', '2004-10-13 12:26:23', 87000, 27000, 'Lê Lợi, Quận 8, Đà Nẵng', 'OTHERS',
        'huynhminhhung@gmail.com', 3, '$2b$12$k3LBr4nlmLh.f/E7kwzKQOmGs29AqpOfj1wg85Hx9ooySqBBKwzs.'),
       ('Huỳnh Thảo Bình', '1984-11-30', '2005-11-01 07:59:28', 98000, 27000, 'Phạm Ngũ Lão, Quận 2, Nha Trang', 'MALE',
        'huynhthaobinh@gmail.com', 1, '$2b$12$7w2xMeTU.TbFV7GPcCrWlO28.I3yWwpadetL/Otin63n6Si0/9iNm'),
       ('Bùi Thanh Hùng', '1996-07-14', '2014-10-06 07:41:24', 70000, 97000, 'Trần Hưng Đạo, Quận 2, Buôn Ma Thuột',
        'FEMALE', 'buithanhhung@gmail.com', 3, '$2b$12$eevxHjHK4LeppCTFF0OyJe1dHi2jH8Nz01Nsamc8Am/j4kJxadryG'),
       ('Hoàng Thảo Phúc', '1972-09-19', '2019-01-05 21:19:38', 77000, 6000, 'Hoàng Diệu, Quận 10, Đà Nẵng', 'OTHERS',
        'hoangthaophuc@gmail.com', 3, '$2b$12$wqSgJwMb2pwS6TG0Si7Hye7dzZ1U/Qb5AxA4ek8owLZ9eeib60uhW'),
       ('Lê Ngọc Phương', '2003-08-10', '2016-03-26 18:30:06', 89000, 71000, 'Nguyễn Trãi, Quận 1, Đà Nẵng', 'MALE',
        'lengocphuong@gmail.com', 1, '$2b$12$6pAJXQxiO1wjk8kcwZyip.G7zZz6n6vvbElskzyrtVm25lFk..8mC'),
       ('Phạm Thảo Quang', '1979-05-01', '2013-02-23 22:36:14', 12000, 38000, 'Phạm Ngũ Lão, Quận 9, Hồ Chí Minh',
        'MALE', 'phamthaoquang@gmail.com', 2, '$2b$12$az9d6XE4OrZ4rHMgPa.cFe8yfh.rl6oxuk/UOFYKdys4fSFsmoX3m'),
       ('Phan Tấn Tú', '2003-09-21', '2023-12-19 07:31:50', 18000, 69000, 'Võ Thị Sáu, Quận 3, Huế', 'MALE',
        'phantantu@gmail.com', 2, '$2b$12$Unj89aYNdvKqiprcnAoAr.VFd6UcUiNcIwyVNOZNibh8Q2xTB4U.y'),
       ('Đặng Thảo Dũng', '1998-09-26', '2012-12-10 08:29:41', 3000, 16000, 'Phan Đình Phùng, Quận 5, Vũng Tàu',
        'FEMALE', 'dangthaodung@gmail.com', 3, '$2b$12$bscQZNVxZTljz4khpoccRuYU9OWC86yaKJx9kQ12/BvJguKe21l7i'),
       ('Bùi Thảo Phương', '1972-05-04', '2017-09-10 01:26:12', 15000, 69000, 'Hoàng Diệu, Quận 10, Hải Phòng',
        'OTHERS', 'buithaophuong@gmail.com', 1, '$2b$12$MVSHTkiKpGlfArYyfzZpMe1qTp.skoe.UbkFJLxgacEN5om8BdUVK'),
       ('Nguyễn Hữu Trang', '1970-09-05', '2016-08-03 07:57:55', 75000, 34000, 'Lê Lợi, Quận 10, Đà Lạt', 'FEMALE',
        'nguyenhuutrang@gmail.com', 3, '$2b$12$vXcCOcEdefSfkrvlgaGGROAUQdW5eh/J8HrbVb7bPZbQD3ErBo9Fm'),
       ('Phạm Minh Lan', '1994-11-13', '2019-09-08 14:00:39', 18000, 86000, 'Vũ Tông Phan, Quận 7, Nha Trang', 'OTHERS',
        'phamminhlan@gmail.com', 3, '$2b$12$6nV0mTTYL9gL1WkMXiRrfO5RNuk3kgnK3mMKSVHW8sseDYV656KLq'),
       ('Trần Hữu Hương', '1987-10-18', '2018-09-19 07:16:46', 72000, 75000, 'Hoàng Diệu, Quận 7, Hồ Chí Minh',
        'FEMALE', 'tranhuuhuong@gmail.com', 2, '$2b$12$qb6Gz.J5bicaA6FzDlUrQO8q4V1au61ScnvmJhOQHVHmZIIixzA4i'),
       ('Võ Hồng Phương 1', '1994-05-18', '2009-06-22 12:58:10', 96000, 37000, 'Nguyễn Trãi, Quận 11, Huế', 'FEMALE',
        'vohongphuong1@gmail.com', 3, '$2b$12$8vUcBsDUd8ymIQcnUsrBy.PX5hOr16zgoc7RBTJGqfl2ft94KSvo2'),
       ('Bùi Anh Lan', '1991-09-23', '2022-09-01 15:08:03', 89000, 32000, 'Võ Thị Sáu, Quận 8, Hà Nội', 'MALE',
        'buianhlan@gmail.com', 2, '$2b$12$zWfQXhE3OHJgRRcczedMoeF.er9eT.9lN/7.1iqIxW/OrbY8576z2'),
       ('Võ Hồng Phúc', '1963-12-04', '2018-08-04 19:32:45', 10000, 31000, 'Trần Hưng Đạo, Quận 3, Nha Trang', 'MALE',
        'vohongphuc@gmail.com', 2, '$2b$12$Lt6NdcFxmsKXiHs9sYcakupLya5e4I9zE79i291zVdAzEF4FDCJF2'),
       ('Phan Thị Lan', '1965-07-03', '1998-08-30 16:59:18', 67000, 13000, 'Võ Thị Sáu, Quận 9, Huế', 'OTHERS',
        'phanthilan@gmail.com', 2, '$2b$12$RRg227W6mb83KycaPwou7OlShH.830AdlsyCc99vFYX4jdBlla/Ee'),
       ('Phạm Hồng Hạnh', '1994-02-13', '2006-04-06 11:21:42', 4000, 10000, 'Vũ Tông Phan, Quận 10, Buôn Ma Thuột',
        'FEMALE', 'phamhonghanh@gmail.com', 2, '$2b$12$AtBPgVxo/J.fqTYbc8ffQuABLJozHB.L4LOQWEJtC1SX.dqkBOUI.'),
       ('Huỳnh Quốc Tú', '1951-03-21', '1986-08-14 00:15:04', 0, 73000, 'Nguyễn Trãi, Quận 1, Hồ Chí Minh', 'OTHERS',
        'huynhquoctu@gmail.com', 2, '$2b$12$CjPtzHDywXqoaxZAzj9PG.OxkFqSg4WD5mj0GnD0Xl61SrlGCzvES'),
       ('Bùi Quốc Phúc', '1978-06-13', '2024-07-23 21:32:03', 28000, 5000, 'Hoàng Diệu, Quận 5, Hà Nội', 'OTHERS',
        'buiquocphuc@gmail.com', 2, '$2b$12$kyc4tKptMVsy9UlKkG56sOM.k2.kncyLLGndOKsDFn2KsDqeJJtaG'),
       ('Trần Hữu Hạnh', '1965-12-16', '2001-01-26 04:21:09', 32000, 33000, 'Vũ Tông Phan, Quận 5, Vũng Tàu', 'OTHERS',
        'tranhuuhanh@gmail.com', 3, '$2b$12$n6eFk25VN2epjkMqpgukPexsM6wpCGMlSB4Gdo5EQEmgdKWSsFGue'),
       ('Võ Quốc Quang', '1965-07-08', '2002-06-18 13:25:24', 75000, 2000, 'Bùi Thị Xuân, Quận 2, Huế', 'FEMALE',
        'voquocquang@gmail.com', 3, '$2b$12$mD/idgpG9Y.Ao4dF0bJSq.G.uE.vwkvTxKsDgWK0VYJnHugXS0z/K'),
       ('Trần Văn Tú', '1992-07-18', '2009-04-27 11:24:08', 20000, 98000, 'Lê Lợi, Quận 9, Biên Hòa', 'OTHERS',
        'tranvantu@gmail.com', 1, '$2b$12$NDnuFTR.7ELlAGeodTJU/.WPlQya58ucNjn77scBhLGeU19WIt2Ta'),
       ('Hoàng Minh Dũng', '2002-06-29', '2021-09-06 18:45:05', 75000, 88000, 'Trần Hưng Đạo, Quận 10, Hồ Chí Minh',
        'OTHERS', 'hoangminhdung@gmail.com', 2, '$2b$12$nHZU80457W2TO3xSh3meveXdjPIJGrZBaQN8Czx5A7/YPEfW1dAxa'),
       ('Lê Hồng Trang', '1996-06-27', '2023-01-24 01:25:10', 50000, 78000, 'Nguyễn Trãi, Quận 2, Đà Nẵng', 'OTHERS',
        'lehongtrang@gmail.com', 1, '$2b$12$1JGgsLSbLz0r49LkfKlUl.2BF4BR00QA0N9gtZUh27jD.ykYxMb2G'),
       ('Phan Anh Hương', '1974-08-12', '2001-08-04 09:00:27', 72000, 79000, 'Hoàng Diệu, Quận 8, Đà Nẵng', 'MALE',
        'phananhhuong@gmail.com', 2, '$2b$12$osnqZzVKkiVnvlf3rMlZPeupj2bxFKR4/3AqQLZyBkOeBdUm3XfUi'),
       ('Huỳnh Hữu Trang', '1971-07-31', '2020-09-29 22:05:36', 41000, 20000, 'Trần Hưng Đạo, Quận 4, Hà Nội', 'FEMALE',
        'huynhhuutrang@gmail.com', 3, '$2b$12$hko1dqbPkF3SeN3ZzEnQ8OrmCSOxyK0R/WSVRs7HRsVIo5Lutv4JW'),
       ('Võ Anh Phương', '1967-12-01', '1982-04-29 21:10:53', 45000, 30000, 'Đặng Văn Ngữ, Quận 2, Đà Nẵng', 'OTHERS',
        'voanhphuong@gmail.com', 2, '$2b$12$/eToYZmHstFOfw3Rlv3RDOR12OI/w6nMy67X4PsiRm.FbQbgQXdIW'),
       ('Trần Thảo Phương', '1976-03-29', '2014-01-12 23:03:04', 28000, 86000, 'Phạm Ngũ Lão, Quận 1, Hà Nội', 'FEMALE',
        'tranthaophuong@gmail.com', 1, '$2b$12$w/XpWu9RwIb7NxsQGolxeO4B0C3yy9R.TGSxeKOJF8sivizc1NZIO'),
       ('Lê Minh Tú', '1983-05-19', '1997-05-27 13:12:01', 52000, 34000, 'Phạm Ngũ Lão, Quận 2, Vũng Tàu', 'MALE',
        'leminhtu@gmail.com', 3, '$2b$12$Vngw9.QwcJMOu6o9C5KSLeLM2XII8SmX9.xEOVHkH4/KEbHiDYMg.'),
       ('Trần Ngọc Hùng', '1974-12-08', '2023-11-03 23:55:47', 64000, 66000, 'Lê Lợi, Quận 6, Hải Phòng', 'MALE',
        'tranngochung@gmail.com', 1, '$2b$12$Hk/mjR7OB3wTQuF.I5bRKO4CtvQ5ixXHgBqCgJX1hgiDp6Frft0Vy'),
       ('Vũ Quốc Lan', '1956-01-22', '2023-07-07 03:20:06', 82000, 18000, 'Đặng Văn Ngữ, Quận 7, Vũng Tàu', 'MALE',
        'vuquoclan@gmail.com', 2, '$2b$12$zFqvTmzaT8gbGWv1iUtQjOXyEN4VDv97ic7vEqJq/9Qm3Ftn329r2'),
       ('Bùi Thanh Hương', '1969-06-03', '1994-04-24 02:08:31', 69000, 100000, 'Đặng Văn Ngữ, Quận 2, Cần Thơ',
        'OTHERS', 'buithanhhuong@gmail.com', 1, '$2b$12$oRfsjJOJ/LxWjW2gxx0bRuwvxNgeG5bqMM.7FJuJ2KOYeplVHFqyq'),
       ('Hoàng Hữu Hùng', '1990-09-12', '2001-09-13 22:24:36', 19000, 51000, 'Phạm Ngũ Lão, Quận 1, Đà Lạt', 'FEMALE',
        'hoanghuuhung@gmail.com', 1, '$2b$12$y4O1WgXO36H9L7OE1s3zKeC4XBC1hhJjgin2c6v2e8mTolCt7X.dO'),
       ('Hoàng Anh Hương', '1975-10-22', '2008-03-07 18:13:56', 15000, 64000, 'Phạm Ngũ Lão, Quận 2, Huế', 'MALE',
        'hoanganhhuong@gmail.com', 2, '$2b$12$em0jlF3M43TXqL57Od5OiOnC5qFDd6dB.a0GfwyS0Za.115KB9yJa'),
       ('Bùi Tấn Hạnh', '1972-11-11', '2021-04-05 20:55:39', 48000, 70000, 'Phan Đình Phùng, Quận 3, Buôn Ma Thuột',
        'MALE', 'buitanhanh@gmail.com', 1, '$2b$12$nNPJ6SGkx.7wIhRiKVUHleSKrj0txXYMGoZnyd.B9sHca1TxkcG7y'),
       ('Võ Quốc Phúc', '1980-12-06', '2003-11-15 14:39:24', 37000, 44000, 'Bùi Thị Xuân, Quận 9, Buôn Ma Thuột',
        'MALE', 'voquocphuc@gmail.com', 1, '$2b$12$5/k7wEiewpAatD6zJnual.kCXUYPX7HLvP/4Eg9KA22ewRLFO8lUC'),
       ('Phạm Quốc Hương', '1994-11-12', '2015-04-17 06:42:34', 71000, 75000, 'Vũ Tông Phan, Quận 2, Buôn Ma Thuột',
        'OTHERS', 'phamquochuong@gmail.com', 2, '$2b$12$mAbOHO8LUKuuqR2HHvC0w.vMvQBv6.AMqazX3LfUM173pNoChjwNW'),
       ('Hoàng Văn Dũng', '2001-11-18', '2015-03-12 05:02:01', 66000, 79000, 'Lê Lợi, Quận 1, Vũng Tàu', 'OTHERS',
        'hoangvandung@gmail.com', 1, '$2b$12$boV1VOQm3pJ9C0jVEDEkeeGYSEPq5baeUgRX7.yVHdrI/wA4B92qy'),
       ('Hoàng Ngọc Hạnh', '2002-03-06', '2020-01-22 09:22:28', 82000, 46000, 'Vũ Tông Phan, Quận 9, Hà Nội', 'OTHERS',
        'hoangngochanh@gmail.com', 3, '$2b$12$ay/gUwi/UZAZ19ki06VQl.JYhF806AtRBNjq//renbvICL4gKgR2O'),
       ('Đặng Quốc Bình', '1985-11-08', '2009-10-31 05:08:04', 33000, 95000, 'Hoàng Diệu, Quận 6, Hồ Chí Minh',
        'OTHERS', 'dangquocbinh@gmail.com', 3, '$2b$12$sLXIWHE8/K70QLsb7iY4.uF062jh84Dm0ey0RlpTVtI1ji6u2zw/S'),
       ('Lê Tấn Tú', '1978-07-01', '2012-01-17 06:02:30', 64000, 96000, 'Lê Lợi, Quận 3, Hà Nội', 'MALE',
        'letantu@gmail.com', 3, '$2b$12$26.c6Ii9vmfmj.tIg4JRx.UdjpBoxhMvrED8jb53/rVYi7UI53uvi'),
       ('Hoàng Thanh Lan', '1993-04-07', '2007-09-06 00:41:59', 88000, 71000, 'Võ Thị Sáu, Quận 2, Huế', 'FEMALE',
        'hoangthanhlan@gmail.com', 1, '$2b$12$jrns4y044fTd1HKaW/W41OqPcotC6giuTV1z7.5FfwHlLb2s09oW2'),
       ('Huỳnh Minh Trang', '1963-04-02', '2007-03-18 08:06:29', 12000, 83000, 'Vũ Tông Phan, Quận 4, Buôn Ma Thuột',
        'MALE', 'huynhminhtrang@gmail.com', 3, '$2b$12$2LBwzuEmExzqYKheiW7uLOfdK5rFRaH4oCUikS2VMBhHCYR4snqtC'),
       ('Bùi Thảo Quang', '1954-10-23', '2000-08-23 00:25:15', 42000, 92000, 'Huỳnh Tấn Phát, Quận 2, Hải Phòng',
        'MALE', 'buithaoquang@gmail.com', 1, '$2b$12$zMuKAYbButjhly6iY7nqg.7A1LHxq7EFz1IXxu4wPxKliKgMY81pa'),
       ('Phan Minh Tú', '1969-12-01', '2010-11-13 11:57:45', 6000, 26000, 'Phạm Ngũ Lão, Quận 11, Huế', 'MALE',
        'phanminhtu@gmail.com', 1, '$2b$12$78uTL175JGve7dI/VpoxoeaE5LoZ.wQQpphKKUQUzPIi9AHedQ.du'),
       ('Bùi Quốc Quang', '1972-05-25', '2007-05-06 07:04:54', 98000, 18000, 'Phan Đình Phùng, Quận 7, Hà Nội',
        'OTHERS', 'buiquocquang@gmail.com', 3, '$2b$12$.ie1XCByXKVwmj6IwOJM5.whdPbg11bEVI7j.6QWIZ7rlk2XjsdP2'),
       ('Phạm Văn Hương', '1980-10-26', '1998-06-01 14:47:39', 85000, 33000, 'Lê Lợi, Quận 3, Hà Nội', 'FEMALE',
        'phamvanhuong@gmail.com', 1, '$2b$12$3ZAl41w4I7yzawfR3QC0Pu/sMH5f/HY4vvO0jrTCUxDhjAh8s1mWu'),
       ('Võ Minh Tú', '1972-01-11', '2020-03-07 08:06:52', 25000, 48000, 'Lê Lợi, Quận 4, Huế', 'MALE',
        'vominhtu@gmail.com', 3, '$2b$12$QYx9.ouL3Y9I8hk7JOKzhuhUxue2E9pe4Zi64W6kKJx.VnI7X19CG'),
       ('Hoàng Quốc Bình', '1990-07-24', '2000-08-29 17:58:58', 38000, 99000, 'Bùi Thị Xuân, Quận 1, Biên Hòa',
        'OTHERS', 'hoangquocbinh@gmail.com', 3, '$2b$12$AQm2UDyuUWUrrlop/HNUgudezArAH7wDVXlFWuLsI96GXoCL9wCdy'),
       ('Huỳnh Thanh Hùng', '1987-04-19', '2013-12-03 04:23:39', 71000, 28000, 'Nguyễn Trãi, Quận 5, Đà Lạt', 'MALE',
        'huynhthanhhung@gmail.com', 1, '$2b$12$DkJ9FMZ76r19M0.Nv8wZe.xE0VUrNfFkU97C01i6qvOmSe23zo7mq'),
       ('Đặng Hồng Quang', '1962-05-27', '2016-01-06 19:46:56', 27000, 32000, 'Vũ Tông Phan, Quận 7, Hà Nội', 'MALE',
        'danghongquang@gmail.com', 1, '$2b$12$TwErBKklUzXqhSMkCttmiu2bNZ9myKRNjadWv2RmdSne8Elkn52Jy'),
       ('Phan Quốc Phúc', '1966-03-16', '2008-11-17 06:53:03', 54000, 71000, 'Đặng Văn Ngữ, Quận 9, Hồ Chí Minh',
        'OTHERS', 'phanquocphuc@gmail.com', 3, '$2b$12$Mb2FVqIXSmmk1Q8SbyqxlOpScOcPqxTO2WfoQ4BfR22jwEIugKMRW'),
       ('Vũ Văn Lan', '1963-04-01', '1981-10-29 12:13:39', 52000, 45000, 'Hoàng Diệu, Quận 7, Hồ Chí Minh', 'OTHERS',
        'vuvanlan@gmail.com', 3, '$2b$12$Tg4NJlzNpnJFdlv9588Tve1TzofzUMlKgVUZaTSskcG6SUieMKH/O'),
       ('Hoàng Anh Phúc', '1961-03-27', '1991-04-14 21:28:07', 40000, 53000, 'Phạm Ngũ Lão, Quận 10, Biên Hòa', 'MALE',
        'hoanganhphuc@gmail.com', 3, '$2b$12$LA8qm2CVl2U9aJN0i5flHeoA1mryr3BNJLpNSWVJ2Dmq5w/x5urOi'),
       ('Phạm Thị Phúc', '1982-07-21', '2016-07-26 19:08:56', 88000, 65000, 'Đặng Văn Ngữ, Quận 10, Cần Thơ', 'FEMALE',
        'phamthiphuc@gmail.com', 1, '$2b$12$ReLlk/I9pfcBnnML9yM0mO2QARDevjGVN1vGe/kfxl6DYsVQLnNF2'),
       ('Bùi Anh Phương', '2001-04-29', '2021-04-12 01:38:12', 51000, 75000, 'Hoàng Diệu, Quận 8, Đà Lạt', 'FEMALE',
        'buianhphuong@gmail.com', 2, '$2b$12$2M4IY9qfoIRBCaSB0Al/QenYuPDHK.opZrVO1ApgGWRdiksPsuuHu'),
       ('Huỳnh Hồng Quang', '1970-08-28', '1984-09-02 08:48:45', 34000, 49000, 'Bùi Thị Xuân, Quận 1, Huế', 'FEMALE',
        'huynhhongquang@gmail.com', 2, '$2b$12$56le3.IIocmVwksrmakOO.sMlT77SzPgcAZQlksxoZP3t2122Rybq'),
       ('Võ Thanh Phương', '1972-04-26', '1991-02-17 18:36:53', 44000, 0, 'Hoàng Diệu, Quận 7, Cần Thơ', 'MALE',
        'vothanhphuong@gmail.com', 2, '$2b$12$cOroYWrD.nbmsoMf3T6Ld.psFkz4QCSTkbLxYRVtWZCQ4JlhvW/92'),
       ('Phạm Ngọc Phương', '1950-06-08', '1991-09-10 01:30:28', 47000, 71000, 'Nguyễn Trãi, Quận 11, Huế', 'OTHERS',
        'phamngocphuong@gmail.com', 1, '$2b$12$NK5ESFqUAjSiMuqDZsAU6ewNtjW0V/TtMFYAv9uyOGpII3nHS6kYa'),
       ('Hoàng Minh Quang', '1968-04-15', '2004-08-02 23:52:32', 88000, 36000, 'Vũ Tông Phan, Quận 6, Đà Lạt', 'MALE',
        'hoangminhquang@gmail.com', 3, '$2b$12$uT4yI7nV5blYnIa9oOgriOt2TG.Qvq4fnfoewa0EClI6I/8Sq3uHm'),
       ('Đặng Thị Dũng', '1958-11-29', '1970-11-01 04:51:48', 2000, 43000, 'Nguyễn Trãi, Quận 7, Đà Lạt', 'MALE',
        'dangthidung@gmail.com', 3, '$2b$12$0sz..DQcC28.23hU5tUkd.3wgepmNmuc4NP3i/3c8nNeBQQ1uGzS2'),
       ('Trần Văn Trang', '2003-11-25', '2024-03-08 07:33:48', 3000, 95000, 'Vũ Tông Phan, Quận 1, Hà Nội', 'MALE',
        'tranvantrang@gmail.com', 1, '$2b$12$xChSppcUpYYuQ.2Nu9OICeuZp63o1tPouWKKH6qYB2FFipO/eToWS'),
       ('Phan Văn Quang', '1958-03-12', '2018-06-22 14:53:39', 8000, 32000, 'Võ Thị Sáu, Quận 4, Buôn Ma Thuột',
        'OTHERS', 'phanvanquang@gmail.com', 3, '$2b$12$cXk4cMK2YWtf0GuF1OSiO..Ty.M765ZmB1MFycpXw4dXV0Uvu/M56'),
       ('Bùi Quốc Trang', '2002-10-14', '2020-09-12 11:41:12', 65000, 32000, 'Hoàng Diệu, Quận 8, Đà Nẵng', 'MALE',
        'buiquoctrang@gmail.com', 3, '$2b$12$DSLnClHGE7G6q9mFtvOVRebpkfMKfVZdQR7AaJ9j5Ik93XHX6rYmC'),
       ('Đặng Minh Quang', '1964-05-22', '1997-10-17 09:34:14', 54000, 65000, 'Nguyễn Trãi, Quận 4, Đà Nẵng', 'OTHERS',
        'dangminhquang@gmail.com', 3, '$2b$12$MBUV3llyB7GzcZkrviWze.GB.nQcfiZq40eoOxSg7vpjpx9WO.yZi'),
       ('Bùi Thị Tú 1', '1968-05-29', '1999-02-17 04:15:24', 37000, 82000, 'Trần Hưng Đạo, Quận 4, Biên Hòa', 'MALE',
        'buithitu1@gmail.com', 2, '$2b$12$bvyUGbsEjXTPN2KfbzhilutbBi8MUSDo23gH51pqXdlFPDdkc4nbi'),
       ('Phạm Anh Trang', '1995-02-04', '2023-09-22 10:19:26', 63000, 24000, 'Đặng Văn Ngữ, Quận 4, Huế', 'OTHERS',
        'phamanhtrang@gmail.com', 2, '$2b$12$VQhHNGB3yMbU7qysrHOIsu2gQyja9nkvPBL.WO9bDsmNHtMDVICn.'),
       ('Nguyễn Ngọc Phúc', '1988-08-06', '2015-11-10 07:00:11', 42000, 89000, 'Đặng Văn Ngữ, Quận 4, Hồ Chí Minh',
        'OTHERS', 'nguyenngocphuc@gmail.com', 1, '$2b$12$21mb4lUovrO4FXDbjgnfi.IOywypKNCSovnwNlA09RkcgyXRdydum'),
       ('Bùi Ngọc Tú 1', '1956-04-27', '1992-10-05 07:10:15', 13000, 51000, 'Phan Đình Phùng, Quận 3, Hà Nội', 'MALE',
        'buingoctu1@gmail.com', 1, '$2b$12$AgKRzuzdFmF7fmBeQQqvpuqD6gB.TuVoE2e/Eb/WPTPW05KjnFJyy'),
       ('Võ Tấn Hùng', '1976-02-08', '2021-01-15 03:10:19', 70000, 71000, 'Lê Lợi, Quận 2, Huế', 'MALE',
        'votanhung@gmail.com', 1, '$2b$12$LYLlRRtXK1CzHxZr2Xc85.BUP.1oPcGi8/JY7.27n9.nve16rZ2hC'),
       ('Phan Minh Hùng', '1984-07-19', '2009-12-23 17:16:15', 47000, 39000, 'Bùi Thị Xuân, Quận 7, Cần Thơ', 'FEMALE',
        'phanminhhung@gmail.com', 1, '$2b$12$Zc.PIrC9Fy/ii.ifFOOBeeSj7fdLk1lYGWcF4.2v5nhciSGSit.VC'),
       ('Võ Tấn Trang', '1994-11-14', '2009-12-15 03:27:47', 76000, 62000, 'Nguyễn Trãi, Quận 2, Buôn Ma Thuột',
        'OTHERS', 'votantrang@gmail.com', 2, '$2b$12$tKh4ukIocfHRnQ4jImHuQOyEHd3a96sxVelLbT/UuuhKSVN4XKFrK'),
       ('Huỳnh Quốc Dũng', '1956-01-19', '2013-10-20 23:34:48', 9000, 59000, 'Trần Hưng Đạo, Quận 6, Đà Nẵng', 'MALE',
        'huynhquocdung@gmail.com', 2, '$2b$12$fa0jP2HwHhkDWb4cmiPjU.4LBXVMwRkoutq3oqFV8oZsAlplP/uQq'),
       ('Đặng Thanh Dũng', '1954-07-01', '2011-02-28 01:05:16', 38000, 92000, 'Bùi Thị Xuân, Quận 1, Huế', 'MALE',
        'dangthanhdung@gmail.com', 3, '$2b$12$oSvNQfPNWFx5I.JVegps1uy1dOfB1Y1rBAGScg.WUz7.a46j3cDNm'),
       ('Võ Minh Hùng', '1952-08-06', '1976-02-25 07:44:40', 48000, 24000, 'Phan Đình Phùng, Quận 4, Hà Nội', 'MALE',
        'vominhhung@gmail.com', 1, '$2b$12$pow7tMPYCHzJ6Ng5e/5ncujDTWuTnIeDJqgYHBeJEkbKjidGLbjq2'),
       ('Phạm Ngọc Lan', '1983-12-20', '2011-08-07 10:26:30', 64000, 48000, 'Huỳnh Tấn Phát, Quận 8, Vũng Tàu',
        'OTHERS', 'phamngoclan@gmail.com', 2, '$2b$12$/E/HfBkY8ozcTxT8Kweq1eVkMw5ZfvPrDO4dZlDCPLSfdMQkMyKKi'),
       ('Võ Hồng Hùng', '1975-08-08', '2019-12-24 19:25:44', 36000, 6000, 'Phan Đình Phùng, Quận 8, Hồ Chí Minh',
        'MALE', 'vohonghung@gmail.com', 2, '$2b$12$erIoF14p5s5tz2xqR.DVFeAs20c3KfiGKQoYcaUl1zPOKnwQw60EW'),
       ('Bùi Tấn Hương', '1968-06-19', '2004-11-30 00:30:48', 5000, 47000, 'Võ Thị Sáu, Quận 10, Cần Thơ', 'OTHERS',
        'buitanhuong@gmail.com', 2, '$2b$12$fo.nKJlNtD5JOizxgLZ3wO2YsxDMVaGSPLr9QdMGe3WiuX2WFlbyS'),
       ('Nguyễn Thảo Trang', '2000-11-09', '2019-01-15 13:09:36', 71000, 40000, 'Trần Hưng Đạo, Quận 9, Đà Lạt',
        'FEMALE', 'nguyenthaotrang@gmail.com', 1, '$2b$12$jfxexRLWIhSshTwm6/lUEu2Vv2M3UHX5u1O1oEWPmcPzdtLs0c0iG'),
       ('Huỳnh Hữu Bình', '1963-01-14', '2005-05-06 06:58:19', 12000, 29000, 'Phan Đình Phùng, Quận 3, Hà Nội',
        'OTHERS', 'huynhhuubinh@gmail.com', 2, '$2b$12$VvnM7nFVxz958Wvix4szsO6TVe7S0BYvmyNny6xrxRUPyuJUytBjq'),
       ('Bùi Thị Quang', '1980-01-20', '1991-01-06 14:32:52', 30000, 61000, 'Huỳnh Tấn Phát, Quận 2, Biên Hòa',
        'OTHERS', 'buithiquang@gmail.com', 1, '$2b$12$VbCDibE4hSA.abaFyiVWm.uULdq6.or9qCdBuJYMdB1CZ1WzBop9u'),
       ('Huỳnh Hồng Hùng', '1960-01-29', '1989-06-06 14:45:50', 92000, 57000, 'Võ Thị Sáu, Quận 2, Hồ Chí Minh', 'MALE',
        'huynhhonghung@gmail.com', 3, '$2b$12$KY74Ecq.hFwCG/TInVZwJuhEoXAiAn7ciybwUq8PCZk1BhmRvDHYq'),
       ('Lê Hồng Phúc', '1957-12-26', '1976-09-04 13:11:18', 56000, 64000, 'Huỳnh Tấn Phát, Quận 11, Buôn Ma Thuột',
        'OTHERS', 'lehongphuc@gmail.com', 1, '$2b$12$HSgOR3aqCPr6G6tgCDA6M.EZr39/dzvrP6PmNeG4egNFVBdIuGtJG'),
       ('Huỳnh Tấn Lan', '1954-02-28', '1990-02-09 04:36:02', 45000, 81000, 'Huỳnh Tấn Phát, Quận 7, Cần Thơ', 'MALE',
        'huynhtanlan@gmail.com', 1, '$2b$12$xBbTeXRTvooOJjNkcKYFaOLxVJMQlCdtlXFhzkuraCfLn4cHuHIL2'),
       ('Phan Thảo Tú', '1961-02-20', '1987-02-04 07:11:32', 85000, 53000, 'Trần Hưng Đạo, Quận 9, Hải Phòng', 'MALE',
        'phanthaotu@gmail.com', 1, '$2b$12$dma8m68vtPjr6NNd8xZ/KupWTzyq1ZhdP.j/OBq3oDwjMzPm7XxBm'),
       ('Đặng Thị Hùng', '1976-10-26', '1996-03-25 16:23:28', 54000, 83000, 'Nguyễn Trãi, Quận 9, Đà Nẵng', 'FEMALE',
        'dangthihung@gmail.com', 3, '$2b$12$JPq83.rEY0DRrqBoyrQi.OpeAKv.1SQ55.A.B5B57Q1Th/KZsoVK2'),
       ('Vũ Văn Hương', '1979-04-18', '2015-09-28 13:57:28', 89000, 2000, 'Võ Thị Sáu, Quận 9, Hà Nội', 'FEMALE',
        'vuvanhuong@gmail.com', 2, '$2b$12$yfju4TZJCgUGyHVQHJU.luC13VWrvSiWKiJ9oVBroI7U8VZdvXWou'),
       ('Huỳnh Hữu Hương', '1980-12-05', '2019-12-24 22:18:16', 57000, 22000, 'Phan Đình Phùng, Quận 5, Cần Thơ',
        'OTHERS', 'huynhhuuhuong@gmail.com', 2, '$2b$12$khuP8GIPRYPbfnYPrAi3j.vFwTAIS8W9u1crZR1TF/Y3gKH3XrN2O'),
       ('Võ Hồng Hương', '1971-06-06', '2021-03-22 17:51:40', 30000, 54000, 'Trần Hưng Đạo, Quận 7, Đà Nẵng', 'FEMALE',
        'vohonghuong@gmail.com', 2, '$2b$12$nhCIe3XYv9OnWLtqkkP0vex9Hw0YOIZBLGF7wFa9FteU.q1TlgiJO'),
       ('Vũ Tấn Quang', '1994-06-28', '2016-07-07 13:11:45', 24000, 42000, 'Vũ Tông Phan, Quận 2, Nha Trang', 'MALE',
        'vutanquang@gmail.com', 3, '$2b$12$Uk9pWOf4hURx7FtkbzXnLuUElANACW762qCS9Ma6VcQ9p50QHglYi'),
       ('Phạm Minh Trang', '1985-12-02', '2009-01-03 05:45:46', 38000, 64000, 'Hoàng Diệu, Quận 3, Buôn Ma Thuột',
        'FEMALE', 'phamminhtrang@gmail.com', 3, '$2b$12$nIbnNiScT46a78SeiAPu/O/gyysNajJJmpYQYKzHTi75nMwu/7AcS'),
       ('Bùi Ngọc Dũng', '1992-02-03', '2016-05-06 17:17:28', 32000, 14000, 'Vũ Tông Phan, Quận 3, Đà Nẵng', 'MALE',
        'buingocdung@gmail.com', 1, '$2b$12$Aqxhnz9PvG8ZBkwffTxRQe2qZBrizr.tTZ8RNZJrmPdTDxRO9yN2G'),
       ('Lê Anh Lan', '1995-12-23', '2006-12-31 21:24:52', 19000, 21000, 'Phan Đình Phùng, Quận 10, Huế', 'MALE',
        'leanhlan@gmail.com', 1, '$2b$12$RKZBDiTW6SaG4L8/oEv//.IDz0ICdl4DuIicEoTOV7lrGjr3QiTT.'),
       ('Hoàng Hữu Dũng', '1984-07-10', '2009-12-31 17:37:26', 80000, 10000, 'Trần Hưng Đạo, Quận 4, Nha Trang', 'MALE',
        'hoanghuudung@gmail.com', 3, '$2b$12$ZtJTPdfXzMxXsBkgjIB6pOXUWu3Uz1YL9luL9ap/iRGzedwX8ecAO'),
       ('Lê Ngọc Hạnh', '1987-05-29', '2005-03-09 19:31:03', 70000, 97000, 'Đặng Văn Ngữ, Quận 2, Cần Thơ', 'OTHERS',
        'lengochanh@gmail.com', 1, '$2b$12$yX/LbqFNXCSDjCODA5dHnebCl8IKnvDAUnUnR/8RhyIZQWUhthY5O'),
       ('Phạm Anh Bình', '1969-12-23', '2005-01-15 21:21:21', 90000, 43000, 'Bùi Thị Xuân, Quận 2, Buôn Ma Thuột',
        'OTHERS', 'phamanhbinh@gmail.com', 1, '$2b$12$7pSXxDZ6tfzX6P/t7/slH.g0pFZJNVgPrMn5INTlORhL5ifB04nCu'),
       ('Võ Minh Phúc', '1980-03-07', '1991-09-19 05:08:16', 79000, 66000, 'Trần Hưng Đạo, Quận 4, Cần Thơ', 'FEMALE',
        'vominhphuc@gmail.com', 1, '$2b$12$gRrJxNLvyDxi6K7LYh3iOejT8jbf.csbwhoAB9/z5HtKDBmdUOloK'),
       ('Võ Hữu Phúc', '1952-10-29', '1998-03-05 18:10:14', 92000, 85000, 'Phạm Ngũ Lão, Quận 4, Hải Phòng', 'MALE',
        'vohuuphuc@gmail.com', 1, '$2b$12$plGJ0pqkHEkTaHMfevBrjOdeFFh0JzU7sD/sQPyD8b/GTW82RvkPu'),
       ('Nguyễn Hữu Hương', '1963-09-26', '1991-10-28 14:10:11', 46000, 30000, 'Huỳnh Tấn Phát, Quận 9, Nha Trang',
        'FEMALE', 'nguyenhuuhuong@gmail.com', 2, '$2b$12$uGGBSrZ2heaCTO9swtFEvOuCiIUHREMZEjBe/zam41xEDYvETPt/y'),
       ('Phan Văn Hương', '1979-04-03', '2015-05-21 14:54:28', 49000, 29000, 'Bùi Thị Xuân, Quận 8, Đà Nẵng', 'FEMALE',
        'phanvanhuong@gmail.com', 1, '$2b$12$o/nZsOcsdulKdIuXhx8eueOISu.3NU2uj4p/XDzlA0IdWbxnIH8AG'),
       ('Bùi Hữu Phúc', '1976-05-05', '1991-04-02 12:27:16', 49000, 34000, 'Lê Lợi, Quận 6, Đà Lạt', 'FEMALE',
        'buihuuphuc@gmail.com', 3, '$2b$12$lAENtKbexKFdQlfVvhHIGOopIlPcFjz1mDuYoziBiHcmc4NUKvWCq'),
       ('Trần Hồng Bình', '1993-11-22', '2008-08-04 09:29:51', 24000, 8000, 'Lê Lợi, Quận 1, Buôn Ma Thuột', 'MALE',
        'tranhongbinh@gmail.com', 2, '$2b$12$NvykFXMwsS2OUvfRqgJ4cOHVIdHsanIHva.XF03XuyLgncGVkhdf2'),
       ('Nguyễn Thanh Lan', '1983-03-13', '2012-03-06 13:53:16', 31000, 96000, 'Nguyễn Trãi, Quận 9, Hải Phòng',
        'OTHERS', 'nguyenthanhlan@gmail.com', 1, '$2b$12$QyF9eOVdQlUoWSb5pwI3ZuTrLEJMK7qd/BHS25715EP7N9C5/P5w6'),
       ('Huỳnh Hồng Lan', '1957-11-15', '1978-01-24 15:18:29', 85000, 13000, 'Vũ Tông Phan, Quận 1, Vũng Tàu', 'OTHERS',
        'huynhhonglan@gmail.com', 3, '$2b$12$U3OrV./nKt8I/CBMOhpGAO.eFfLO5zyRubGOKBms8WyG9oLmPyY0O'),
       ('Đặng Minh Phúc 1', '1952-04-16', '1989-11-12 17:56:46', 32000, 15000, 'Lê Lợi, Quận 11, Vũng Tàu', 'FEMALE',
        'dangminhphuc1@gmail.com', 1, '$2b$12$c2ooG6kEOit/CdEBvlNxUesmYNv/qniOWedBxzEI8sSkIh2NqurZG'),
       ('Võ Thanh Trang', '1986-02-23', '2023-02-06 04:20:38', 49000, 84000, 'Đặng Văn Ngữ, Quận 10, Biên Hòa',
        'OTHERS', 'vothanhtrang@gmail.com', 1, '$2b$12$S3SnT7EMn5rG1O0cYf16SexoPGJCwFIbIIFunWEJ8.I.UfuLav2Ky'),
       ('Võ Thị Trang', '1969-09-18', '1993-07-17 23:24:37', 69000, 28000, 'Đặng Văn Ngữ, Quận 1, Hồ Chí Minh',
        'FEMALE', 'vothitrang@gmail.com', 1, '$2b$12$xekH4aSkVtkD1N4pjyH0Fef/eHO9yjVsnFFfjs3enuOoqr/04AZoi'),
       ('Vũ Anh Trang', '1984-12-30', '2020-05-03 15:18:41', 69000, 40000, 'Huỳnh Tấn Phát, Quận 1, Hà Nội', 'OTHERS',
        'vuanhtrang@gmail.com', 2, '$2b$12$KdZwB3Me1APxJ2/418spb.w47vOzWRNjzKQbVGvmKysW694IKy5/e'),
       ('Hoàng Thanh Dũng', '1990-02-19', '2000-08-29 22:32:29', 12000, 13000, 'Nguyễn Trãi, Quận 7, Buôn Ma Thuột',
        'OTHERS', 'hoangthanhdung@gmail.com', 2, '$2b$12$mreqS/W3KBfj66ZQBS8cseQ3pU8Qlopd/h3gAt4mT6J6Rg16I1a3S'),
       ('Đặng Minh Hương', '1995-02-06', '2015-04-15 18:39:57', 72000, 5000, 'Phạm Ngũ Lão, Quận 4, Đà Nẵng', 'FEMALE',
        'dangminhhuong@gmail.com', 2, '$2b$12$bsNWuUKzCvzLOJNay/g8FOqh2QOJHnk6h/Ylxpqs7uFgh1zRLfWEy'),
       ('Bùi Tấn Hùng', '1969-08-10', '1995-06-05 07:43:55', 32000, 84000, 'Võ Thị Sáu, Quận 6, Hà Nội', 'FEMALE',
        'buitanhung@gmail.com', 1, '$2b$12$72cyyDY7uOwAvqv9UYEuvufCXGRFt2vjF5MsAMnmgx4m2y8.eTjmu'),
       ('Lê Văn Phúc', '1989-08-06', '2018-05-21 05:45:27', 31000, 16000, 'Phan Đình Phùng, Quận 1, Biên Hòa', 'MALE',
        'levanphuc@gmail.com', 1, '$2b$12$p162Sd9s/uk0Rey2wIIOz.Q8.2HsGqrfV84BAkV7AOK/RwiGqyzuG'),
       ('Phan Tấn Phúc', '1990-10-03', '2002-02-24 11:51:41', 34000, 79000, 'Nguyễn Trãi, Quận 8, Vũng Tàu', 'FEMALE',
        'phantanphuc@gmail.com', 1, '$2b$12$sBH8sVOIRbCfjN8fsS0yIOqESrqCsWx0PXsKYzo3RLtT31ec3ax4e'),
       ('Đặng Thanh Lan', '1996-12-11', '2023-11-15 08:57:03', 42000, 65000, 'Lê Lợi, Quận 3, Hải Phòng', 'OTHERS',
        'dangthanhlan@gmail.com', 1, '$2b$12$foHpdgmV4PiHPHLQRkPv2Ooie2i2pSCK.OzO/jB7nBHfrbVg7nnTe'),
       ('Hoàng Thanh Hạnh', '2003-11-10', '2015-07-12 03:34:04', 94000, 90000, 'Trần Hưng Đạo, Quận 11, Biên Hòa',
        'FEMALE', 'hoangthanhhanh@gmail.com', 1, '$2b$12$7A0kRC3w.WKynwWAmwkEn.QhZencpXpp4WpVZy.a6MJZixUKZImJm'),
       ('Lê Thảo Hương', '1994-11-15', '2011-01-18 02:01:45', 39000, 67000, 'Võ Thị Sáu, Quận 10, Huế', 'MALE',
        'lethaohuong@gmail.com', 1, '$2b$12$63E.us05x2rQUIlmN/RUsOHxmLvtLqm4icHVJ2K21hX07TxSljan6'),
       ('Huỳnh Thảo Hùng', '1952-07-12', '1985-09-15 11:53:54', 64000, 41000, 'Trần Hưng Đạo, Quận 5, Hà Nội', 'FEMALE',
        'huynhthaohung@gmail.com', 3, '$2b$12$Z9xOzQtR9szLcDxxgSDcaukoezM6YWZHML6qwsZ7nVI6dU74co9VK'),
       ('Huỳnh Minh Lan', '1987-05-19', '2023-01-24 10:00:13', 87000, 12000, 'Phan Đình Phùng, Quận 10, Cần Thơ',
        'FEMALE', 'huynhminhlan@gmail.com', 3, '$2b$12$J97egIq128hCsOnYitSyZOA.MB7RRCh19zZ9CHhdwVrmSQqFW4zm.'),
       ('Trần Thảo Hương', '1951-08-14', '2021-05-17 14:53:33', 80000, 54000, 'Bùi Thị Xuân, Quận 9, Buôn Ma Thuột',
        'FEMALE', 'tranthaohuong@gmail.com', 3, '$2b$12$FNVvkHVNb2AsLg9AwScbCeIvEkyH.AdsPi4NSSCwL4kC2t9SsodDO'),
       ('Vũ Hữu Trang', '1967-02-06', '1984-10-13 16:16:12', 77000, 81000, 'Đặng Văn Ngữ, Quận 5, Hồ Chí Minh',
        'OTHERS', 'vuhuutrang@gmail.com', 1, '$2b$12$bcUcic5pspHOk9TXAlwXNuVGJWQKS4jJJ1zFvYj4yxIxZ70V4VLMS'),
       ('Huỳnh Văn Bình', '1953-10-15', '2012-08-30 08:36:49', 47000, 71000, 'Hoàng Diệu, Quận 11, Hồ Chí Minh',
        'OTHERS', 'huynhvanbinh@gmail.com', 3, '$2b$12$nQVx.kITyiPNnmUOWRQd4uYJB7PSIDHttvj/a2LY5.noelWnmcRaW'),
       ('Vũ Thảo Hạnh', '1989-01-05', '2020-01-30 03:24:42', 15000, 13000, 'Võ Thị Sáu, Quận 2, Cần Thơ', 'MALE',
        'vuthaohanh@gmail.com', 1, '$2b$12$xX2AiFr404eN2D/ILP6TbOd6BGG1ww2pU6c.XWyCgSqyKpYSH2/qW'),
       ('Huỳnh Ngọc Hạnh', '1966-06-16', '1976-08-06 02:17:10', 47000, 28000, 'Bùi Thị Xuân, Quận 7, Hải Phòng', 'MALE',
        'huynhngochanh@gmail.com', 1, '$2b$12$D5BRfOOQ6/KT5/OksCzcp.DL6XVueZ4exYMCs6t8QDVZvq6B2FulS'),
       ('Phạm Anh Phương', '1994-12-23', '2020-12-27 14:45:07', 79000, 48000, 'Đặng Văn Ngữ, Quận 6, Hải Phòng',
        'OTHERS', 'phamanhphuong@gmail.com', 3, '$2b$12$j5yi01WPzm/0Axj52XhTJuPxJcI1VmD0Vz3/6qokWuNCTnvluGl72'),
       ('Phạm Thanh Hạnh', '1951-01-25', '1988-07-28 11:50:36', 94000, 65000, 'Đặng Văn Ngữ, Quận 7, Hải Phòng',
        'FEMALE', 'phamthanhhanh@gmail.com', 2, '$2b$12$ThFytShYN0mBXmkyguRQ.ecxiQEzzuIqyeawnBwvPoTc3gmqbz4pO'),
       ('Lê Ngọc Hùng', '1950-01-30', '1969-12-19 00:32:11', 92000, 21000, 'Trần Hưng Đạo, Quận 5, Đà Lạt', 'MALE',
        'lengochung@gmail.com', 2, '$2b$12$FN0MGJY4N92u/L7kKJoF4uPE4SI8aoDncLfWCXsyjHp5qYUs9hxR.');

INSERT INTO user_role (user_id, role_id)
VALUES (1, 1),
       (2, 1),
       (3, 1),
       (4, 1),
       (5, 1),
       (6, 1),
       (7, 1),
       (8, 1),
       (9, 1),
       (10, 1),
       (11, 2),
       (12, 2),
       (13, 2),
       (14, 2),
       (15, 2),
       (16, 2),
       (17, 2),
       (18, 2),
       (19, 2),
       (20, 2),
       (21, 2),
       (22, 2),
       (23, 2),
       (24, 2),
       (25, 2),
       (26, 2),
       (27, 2),
       (28, 2),
       (29, 2),
       (30, 2),
       (31, 2),
       (32, 2),
       (33, 2),
       (34, 2),
       (35, 2),
       (36, 2),
       (37, 2),
       (38, 2),
       (39, 2),
       (40, 2),
       (41, 2),
       (42, 2),
       (43, 2),
       (44, 2),
       (45, 2),
       (46, 2),
       (47, 2),
       (48, 2),
       (49, 2),
       (50, 2),
       (51, 2),
       (52, 2),
       (53, 2),
       (54, 2),
       (55, 2),
       (56, 2),
       (57, 2),
       (58, 2),
       (59, 2),
       (60, 2),
       (61, 2),
       (62, 2),
       (63, 2),
       (64, 2),
       (65, 2),
       (66, 2),
       (67, 2),
       (68, 2),
       (69, 2),
       (70, 2),
       (71, 2),
       (72, 2),
       (73, 2),
       (74, 2),
       (75, 2),
       (76, 2),
       (77, 2),
       (78, 2),
       (79, 2),
       (80, 2),
       (81, 2),
       (82, 2),
       (83, 2),
       (84, 2),
       (85, 2),
       (86, 2),
       (87, 2),
       (88, 2),
       (89, 2),
       (90, 2),
       (91, 2),
       (92, 2),
       (93, 2),
       (94, 2),
       (95, 2),
       (96, 2),
       (97, 2),
       (98, 2),
       (99, 2),
       (100, 2),
       (101, 2),
       (102, 2),
       (103, 2),
       (104, 2),
       (105, 2),
       (106, 2),
       (107, 2),
       (108, 2),
       (109, 2),
       (110, 2),
       (111, 2),
       (112, 2),
       (113, 2),
       (114, 2),
       (115, 2),
       (116, 2),
       (117, 2),
       (118, 2),
       (119, 2),
       (120, 2),
       (121, 2),
       (122, 2),
       (123, 2),
       (124, 2),
       (125, 2),
       (126, 2),
       (127, 2),
       (128, 2),
       (129, 2),
       (130, 2),
       (131, 2),
       (132, 2),
       (133, 2),
       (134, 2),
       (135, 2),
       (136, 2),
       (137, 2),
       (138, 2),
       (139, 2),
       (140, 2),
       (141, 2),
       (142, 2),
       (143, 2),
       (144, 2),
       (145, 2),
       (146, 2),
       (147, 2),
       (148, 2),
       (149, 2),
       (150, 2),
       (151, 2),
       (152, 2),
       (153, 2),
       (154, 2),
       (155, 2),
       (156, 2),
       (157, 2),
       (158, 2),
       (159, 2),
       (160, 2),
       (161, 2),
       (162, 2),
       (163, 2),
       (164, 2),
       (165, 2),
       (166, 2),
       (167, 2),
       (168, 2),
       (169, 2),
       (170, 2),
       (171, 2),
       (172, 2),
       (173, 2),
       (174, 2),
       (175, 2),
       (176, 2),
       (177, 2),
       (178, 2),
       (179, 2),
       (180, 2),
       (181, 2),
       (182, 2);

INSERT INTO locations(city)
VALUES ('Hà Nội'),
       ('TP. Hồ Chí Minh'),
       ('Bắc Giang'),
       ('Đồng Nai'),
       ('Khánh Hòa'),
       ('Thái Nguyên'),
       ('Thanh Hóa'),
       ('Vĩnh Phúc'),
       ('Bà Rịa - Vũng Tàu'),
       ('Bình Dương'),
       ('Kiên Giang'),
       ('Lào Cai');

INSERT INTO cinemas (cinema_name, detailed_address, hotline, location_id)
VALUES ('Beta Thanh Xuân',
        'Tầng hầm B1, tòa nhà Golden West, Số 2 Lê Văn Thiêm, Nhân Chính, Thanh Xuân, Hà Nội  (cách đường Lê Văn Lương 80m, đối diện số 56 Lê Văn Thiêm)',
        '0824 812 878', 1),
       ('Beta Mỹ Đình', 'Tầng hầm B1, tòa nhà Golden Palace, đường Mễ Trì, quận Nam Từ Liêm, Hà Nội', '0866 154 610',
        1),
       ('Beta Đan Phượng',
        ' Beta Cinemas Đan Phượng: tầng 2 tòa nhà HHA, khu đô thị XPHomes (Tân Tây Đô), Tân Lập, Đan Phượng, Hà Nội',
        '0983 901 714', 1),
       ('Beta Giải Phóng',
        'Tầng 3, tòa IP2, Chung cư Imperial Plaza, 360 Giải Phóng, phường Phương Liệt, quận Thanh Xuân, Hà Nội',
        '0585 680 360', 1),
       ('Beta Quang Trung', 'số 645 Quang Trung, Phường 11, Quận Gò Vấp, Thành phố Hồ Chí Minh', '0706 075 509', 2),
       ('Beta Trần Quang Khải',
        'Tầng 2, Trung tâm văn hóa đa năng IMC, 62 đường Trần Quang Khải, Phường Tân Định, Quận 1, Thành phố Hồ Chí Minh',
        '1900 638 362', 2),
       ('Beta Ung Văn Khiêm',
        'Tầng trệt, toà nhà Pax Sky, 26 Ung Văn Khiêm, Phường 25, Quận Bình Thạnh, Thành phố Hồ Chí Minh',
        '0969 874 873', 2),
       ('Beta Bắc Giang',
        'Beta Cinemas Bắc Giang - tầng 4, siêu thị Co.opmart Bắc Giang, 51 Nguyễn Văn Cừ, phường Ngô Quyền, tp. Bắc Giang',
        '0866 493 413', 3),
       ('Beta Biên Hòa', 'Lầu 6, Tòa TTC Plaza, số 53-55 Võ Thị Sáu, P.Quyết Thắng, TP Biên Hòa, Đồng Nai',
        '0979 460 002', 4),
       ('Beta Long Khánh', 'Tầng 5, Siêu thị Hoàng Đức, Số 198 Hùng Vương, P. Xuân Bình, TX. Long Khánh, Đồng Nai',
        '0925 165 684', 4),
       ('Beta Nha Trang', '10 Hoàng Hoa Thám, phường Lộc Thọ, TP Nha Trang, tỉnh Khánh Hòa', '0399 475 165', 5),
       ('Beta Thái Nguyên', 'Hoàng Gia Plaza, 259 Quang Trung, Tân Thịnh, TP Thái Nguyên, Tỉnh Thái Nguyên',
        '0867 460 053', 6),
       ('Beta Thanh Hóa',
        'Tầng 3, TTTM Thanh Hóa, 27-29 Lê Lợi, Phường Lam Sơn, TP. Thanh Hóa (đối diện trường THCS Cù Chính Lan)',
        '0325 360 249', 7),
       ('Beta Vĩnh Yên', 'Khách sạn Quốc tế Modena, số 99 Lý Bôn, Phường Ngô Quyền, TP. Vĩnh Yên, Tỉnh Vĩnh Phúc', null,
        8),
       ('Beta Hồ Tràm', 'The Grand Hồ Tràm Strip, Xã Phước Thuận, Huyện Xuyên Mộc, Tỉnh Bà Rịa-Vũng Tàu',
        '0254 378 8601', 9),
       ('Beta Empire Bình Dương', 'A45/2 Lý Thường Kiệt - phường Chánh Nghĩa - thành phố Thủ Dầu Một - tỉnh Bình Dương',
        '0934 573 748', 10),
       ('Beta Tân Uyên',
        'Tầng 4 TTTM Biconsi Uyên Hưng - Khu dân cư Thương mại Uyên Hưng - Phường Uyên Hưng - Thị xã Tân Uyên - Tỉnh Bình Dương',
        '0937 905 925', 10),
       ('Beta TRMall Phú Quốc',
        'TTTM TR MALL - Sonasea - Đường Bãi Trường - Xã Dương Tơ - Thành phố Phú Quốc - Tỉnh Kiên Giang',
        '0983 474 440', 11),
       ('Beta Lào Cai',
        'Tầng 2, TTTM GO Lào Cai, Đại lộ Trần Hưng Đạo, đường H1, tiểu khu đô thị 13, Phường Bắc Lệnh, Thành phố Lào Cai, Tỉnh Lào Cai, Việt Nam',
        '0358 968 970', 12);

INSERT INTO movies (
    movie_name, movie_director, movie_actor,
    movie_description, movie_duration,
    movie_language, movie_release_date,
    movie_poster, movie_trailer
)
VALUES
    (
        'Red One: Mật Mã Đỏ', 'Jake Kasdan','Dwayne Johnson, Chris Evans, Lucy Liu',
        'Sau khi Ông già Noel (tên mã: Red One) bị bắt cóc, Trưởng phòng An ninh Bắc Cực (Dwayne Johnson) phải hợp tác với thợ săn tiền thưởng khét tiếng nhất thế giới (Chris Evans) trong một nhiệm vụ hành động vòng quanh thế giới để cứu Giáng sinh.',
        123, 'Tiếng Anh', '2024-11-08',
        'https://files.betacorp.vn/media%2fimages%2f2024%2f11%2f04%2f400x633%2D15%2D134009%2D041124%2D68.jpg',
        'https://www.youtube.com/embed/m6MF1MqsDhc?rel=0&showinfo=0&autoplay=1'
    ),
    (
        'Thần Dược', 'Coralie Fargeat',
        'Demi Moore, Dennis Quaid, Margaret Qualley',
        'Elizabeth Sparkle, minh tinh sở hữu vẻ đẹp hút hồn cùng với tài năng được mến mộ nồng nhiệt. Khi đã trải qua một thời kỳ đỉnh cao, nhan sắc dần tàn phai, cô tìm đến những kẻ buôn lậu để mua 1 loại thuốc bí hiểm nhằm “thay da đổi vận”, tạo ra một phiên bản trẻ trung hơn của chính mình.',
        138, 'Tiếng Anh', '2024-11-01',
        'https://files.betacorp.vn/media%2fimages%2f2024%2f10%2f23%2f011124%2Dthan%2Dduoc%2D150349%2D231024%2D98.png',
        'https://www.youtube.com/embed/dNwuFYhwTAk?rel=0&showinfo=0&autoplay=1'
    ),
    (
        'Linh Miêu', 'Lưu Thành Luân','Hồng Đào, Thiên An, Thuỳ Tiên, Văn Anh, Samuel An,...',
        'Linh Miêu: Quỷ Nhập Tràng lấy cảm hứng từ truyền thuyết dân gian về “quỷ nhập tràng” để xây dựng cốt truyện. Phim lồng ghép những nét văn hóa đặc trưng của Huế như nghệ thuật khảm sành - một văn hóa đặc sắc của thời nhà Nguyễn, đề cập đến các vấn đề về giai cấp và quan điểm trọng nam khinh nữ. Đặc biệt, hình ảnh rước kiệu thây ma và những hình nhân giấy không chỉ biểu trưng cho tai ương hay điềm dữ mà còn là hiện thân của nghiệp quả.',
        109, 'Tiếng Việt', '2024-11-22',
        'https://files.betacorp.vn/media%2fimages%2f2024%2f10%2f14%2f400x633%2D114106%2D141024%2D83.jpg',
        'https://www.youtube.com/embed/4oxoPMxBO6s?rel=0&showinfo=0&autoplay=1'
    ),
    (
        'Venom: Kèo Cuối', 'Kelly Marcel','Tom Hardy, Juno Temple, Chiwetel Ejiofor, Clark Backo, Stephen Graham',
        'Tom Hardy sẽ tái xuất trong bom tấn Venom: The Last Dance (Tựa Việt: Venom: Kèo Cuối) và phải đối mặt với kẻ thù lớn nhất từ trước đến nay - toàn bộ chủng tộc Symbiote Venom: Kèo cuối - Dự kiến khởi chiếu 25.10.2024',
        109, 'Tiếng Anh', '2024-10-25',
        'https://files.betacorp.vn/media%2fimages%2f2024%2f09%2f19%2fscreenshot%2D2024%2D09%2D19%2D150036%2D150139%2D190924%2D38.png',
        'https://www.youtube.com/embed/b1Yqng0uSWM?rel=0&showinfo=0&autoplay=1'
    ),
    (
        'Ngày Xưa Có Một Chuyện Tình',
        'Trịnh Đình Lê Minh', 'Avin Lu, Ngọc Xuân, Đỗ Nhật Hoàng, Thanh Tú, Bảo Tiên, Hạo Khang',
        'Ngày xưa có một chuyện tình kể về tình bạn, tình yêu giữa hai chàng trai và một cô gái từ thuở ấu thơ cho đến khi trưởng thành, trước những thử thách của số phận. Bộ ba Phúc, Vinh, Miền - theo như lời của chính nhà văn Nguyễn Nhật Ánh - đã đi đến tận cùng của một chuyện tình.',
        135, 'Tiếng Việt', '2024-10-28',
        'https://files.betacorp.vn/media%2fimages%2f2024%2f10%2f23%2f011124%2Dsneak%2Dngay%2Dxua%2Dco%2Dmot%2Dchuyen%2Dtinh%2D135154%2D231024%2D14.png',
        'https://www.youtube.com/embed/IcpKkCzvcU4?rel=0&showinfo=0&autoplay=1'
    ),
    (
        'Cười Xuyên Biên Giới', 'KIM Chang-ju',
        'Ryu Seung-ryong , Jin Sun-kyu, Igor Rafael P EDROSO, Luan B RUM DE ABREU E LIMA, JB João Batista GOMES DE O LIVEIRA, Yeom Hye-ran và Go Kyoung- pyo, Lee Soon-won',
        'Cười Xuyên Biên Giới kể về hành trình của Jin-bong (Ryu Seung-ryong) - cựu vô địch bắn cung quốc gia, sau khi nghỉ hưu, anh đã trở thành một nhân viên văn phòng bình thường. Đứng trước nguy cơ bị sa thải, Jin-bong phải nhận một nhiệm vụ bất khả thi là bay đến nửa kia của trái đất trong nỗ lực tuyệt vọng để sinh tồn. Sống sót sau một sự cố đe doạ tính mạng, Jin-bong đã “hạ cánh” xuống khu rừng Amazon, nơi anh gặp bộ ba thổ dân bản địa có kỹ năng bắn cung thượng thừa: Sika, Eeba và Walbu. Tin rằng đã tìm ra cách để tự cứu mình, Jin-bong hợp tác với phiên dịch ngáo ngơ Bbang-sik (Jin Sun-kyu) và đưa ba chiến thần cung thủ đến Hàn Quốc cho một nhiệm vụ táo bạo.',
        113, 'Tiếng Hàn', '2024-11-15',
        'https://files.betacorp.vn/media%2fimages%2f2024%2f11%2f08%2f400wx633h%2D1%2D154452%2D081124%2D12.jpg',
        'https://www.youtube.com/embed/_IK-eb2AbKQ?rel=0&showinfo=0&autoplay=1'
    ),
    (
        'Cô Dâu Hào Môn', 'Vũ Ngọc Đãng','Uyển Ân, Samuel An, Thu Trang, Lê Giang, Kiều Minh Tuấn, NSND Hồng Vân,...',
        'Phim lấy đề tài làm dâu hào môn và khai thác câu chuyện môn đăng hộ đối, lối sống và quy tắc của giới thượng lưu dưới góc nhìn hài hước và châm biếm.',
        114, 'Tiếng Việt', '2024-10-18',
        'https://files.betacorp.vn/media%2fimages%2f2024%2f10%2f09%2fbeta%2D400x633%2D133538%2D091024%2D49.png',
        'https://www.youtube.com/embed/a0In_kqPVGM?rel=0&showinfo=0&autoplay=1'
    ),
    (
        'Tee Yod: Quỷ Ăn Tạng Phần 2','Taweewat Wantha', 'Nadech Kugimiya, Denise Jelilcha Kapaun, Mim Rattawadee Wongthong, Junior Kajbhunditt Jaidee, Friend Peerakrit Phacharaboonyakiat, Nutthatcha Jessica Padovan',
        'Ba năm sau cái chết của Yam, Yak vẫn tiếp tục săn lùng linh hồn bí ẩn mặc áo choàng đen. Gặp một người đàn ông có triệu chứng giống Yam, Yak phát hiện ra người bảo vệ linh hồn, pháp sư ẩn dật Puang, sống trong một khu rừng đầy nguy hiểm. Giữa những phép thuật ma quỷ và những sinh vật nguy hiểm. Khi họ đuổi theo con quỷ mặc áo choàng đen, tiếng kêu đầy ám ảnh của Tee Yod sẽ quay trở lại một lần nữa...',
        111, 'Tiếng Thái', '2024-10-18',
        'https://files.betacorp.vn/media%2fimages%2f2024%2f10%2f15%2f400wx633h%2D3%2D163518%2D151024%2D56.jpg',
        'https://www.youtube.com/embed/Tx5JuN-5n8U?rel=0&showinfo=0&autoplay=1'
    ),
    (
        'Ai Oán Trong Vườn Xuân', 'Koo Tae-jin','Jo Yoon-Hee, Kim Joo-Ryeong, Jung In-Gyeom, Heo Dong-Won,...',
        'Phim xoay quanh So-hee, người đã mất đi gia đình hạnh phúc của mình vì cái chết đột ngột của chồng, và trải qua những điều kỳ lạ, rùng rợn sau khi đến thăm Neulbom Garden, một ngôi biệt thự nông thôn bí ẩn do chồng cô để lại.',
        91, 'Tiếng Hàn', '2024-10-18',
        'https://files.betacorp.vn/media%2fimages%2f2024%2f10%2f16%2fscreenshot%2D2024%2D10%2D16%2D145351%2D145433%2D161024%2D34.png',
        'https://www.youtube.com/embed/PGrxO1GY9AQ?rel=0&showinfo=0&autoplay=1'
    ),
    (
        'Elli Và Bí Ẩn Chiếc Tàu Ma','Piet De Rycker, Jesper Møller, Jens Møller','Dalia Schmidt-Foß, Oliver Kalkofe, Santiago Ziesmer',
        'Khi một hồn ma nhỏ vô gia cư gõ cửa nhà những cư dân lập dị của một Chuyến tàu ma để tìm kiếm một nơi để thuộc về, cô vô tình thu hút sự chú ý từ "thế giới bên ngoài" và phải hợp tác với phi hành đoàn quái vật hỗn tạp trong một nhiệm vụ điên rồ để cứu không chỉ tương lai của Chuyến tàu ma mà còn là cơ hội duy nhất để cuối cùng có một gia đình của riêng mình.',
        87, 'Tiếng Anh', '2024-10-25',
        'https://files.betacorp.vn/media%2fimages%2f2024%2f09%2f24%2fscreenshot%2D2024%2D09%2D24%2D151025%2D151106%2D240924%2D11.png',
        'https://www.youtube.com/embed/mYKOQ1QxUac?rel=0&showinfo=0&autoplay=1'
    ),
    (
        'Học Viện Anh Hùng: You''re Next',
        'Tensai Okamura', 'Van Barr Jr, Nasim Benelkour, Gerard Caster','Deku, Bakugo, Todoroki và những người còn lại của U.A. High Class 1-A phải đối đầu với Dark Might và tổ chức tội phạm bí ẩn dưới sự kiểm soát của hắn, Gia tộc Gollini.',
        110, 'Tiếng Nhật', '2024-11-08',
        'https://files.betacorp.vn/media%2fimages%2f2024%2f10%2f15%2fscreenshot%2D2024%2D10%2D15%2D145811%2D145844%2D151024%2D25.png',
        'https://www.youtube.com/embed/Oe05mebRJ6k?rel=0&showinfo=0&autoplay=1'
    ),
    (
        'Thiên Đường Quả Báo', 'Naruebet Kuno','Jeff Satur, Engfa Waraha, Srida Puapimol',
        'Cặp đôi đồng tính chưa kết hôn cùng nhau xây dựng nhà cửa,trang trại sầu riêng. Sau cái chết bất ngờ của một người, gia đình anh ta tịch thu tài sản do không được công nhận là vợ chồng hợp pháp. Người bạn đời còn sống đấu tranh để đòi lại tài sản chung và công việc cả đời của họ.',
        131, 'Tiếng Thái', '2024-11-01',
        'https://files.betacorp.vn/media%2fimages%2f2024%2f10%2f28%2f462550331%2D1962995340887109%2D4660909414786878979%2Dn%2D135225%2D281024%2D42.jpg',
        'https://www.youtube.com/embed/hXOgMsyZxxk?rel=0&showinfo=0&autoplay=1'
    );

insert into genres(genre_name)
values ('Âm nhạc'),
       ('Kinh dị'),
       ('Tâm lý'),
       ('Hành động'),
       ('Gia đình'),
       ('Hoạt hình'),
       ('Tình cảm'),
       ('Phiêu lưu'),
       ('Kịch'),
       ('Hồi hộp'),
       ('Hài hước'),
       ('Ly kì'),
       ('Khoa học, viễn tưởng');

INSERT INTO movie_genre (movie_id, genre_id)
VALUES (1, 11),
       (1, 4),
       (2, 2),
       (2, 3),
       (3, 2),
       (4, 13),
       (5, 7),
       (6, 11),
       (7, 3),
       (8, 2),
       (9, 10),
       (9, 2),
       (10, 5),
       (10, 6),
       (11, 6),
       (12, 9),
       (12, 10);

INSERT INTO screening_rooms(room_name, cinema_id)
VALUES ('P1', 1),
       ('P2', 1),
       ('P3', 1),
       ('P4', 1),
       ('P1', 2),
       ('P2', 2),
       ('P3', 2),
       ('P4', 2),
       ('P1', 3),
       ('P2', 3),
       ('P3', 3),
       ('P4', 3),
       ('P1', 4),
       ('P2', 4),
       ('P3', 4),
       ('P4', 4),
       ('P1', 5),
       ('P2', 5),
       ('P3', 5),
       ('P4', 5),
       ('P1', 6),
       ('P2', 6),
       ('P3', 6),
       ('P4', 6),
       ('P1', 7),
       ('P2', 7),
       ('P3', 7),
       ('P4', 7),
       ('P1', 8),
       ('P2', 8),
       ('P3', 8),
       ('P4', 8),
       ('P1', 9),
       ('P2', 9),
       ('P3', 9),
       ('P4', 9),
       ('P1', 10),
       ('P2', 10),
       ('P3', 10),
       ('P4', 10),
       ('P1', 11),
       ('P2', 11),
       ('P3', 11),
       ('P4', 11),
       ('P1', 12),
       ('P2', 12),
       ('P3', 12),
       ('P4', 12),
       ('P1', 13),
       ('P2', 13),
       ('P3', 13),
       ('P4', 13),
       ('P1', 14),
       ('P2', 14),
       ('P3', 14),
       ('P4', 14),
       ('P1', 15),
       ('P2', 15),
       ('P3', 15),
       ('P4', 15),
       ('P1', 16),
       ('P2', 16),
       ('P3', 16),
       ('P4', 16),
       ('P1', 17),
       ('P2', 17),
       ('P3', 17),
       ('P4', 17),
       ('P1', 18),
       ('P2', 18),
       ('P3', 18),
       ('P4', 18),
       ('P1', 19),
       ('P2', 19),
       ('P3', 19),
       ('P4', 19);

INSERT INTO showtimes (start_time, movie_id, room_id)
VALUES
    ('2024-11-01', 1, 1),
    ('2024-11-10', 1, 2),
    ('2024-11-11', 1, 3),
    ('2024-11-07', 1, 4),
    ('2024-10-31', 1, 5),
    ('2024-10-31', 2, 1),
    ('2024-10-25', 2, 2),
    ('2024-11-06', 2, 3),
    ('2024-11-07', 2, 4),
    ('2024-10-30', 2, 5),
    ('2024-11-02', 3, 1),
    ('2024-11-01', 3, 2),
    ('2024-11-09', 3, 3),
    ('2024-11-10', 3, 4),
    ('2024-10-31', 3, 5),
    ('2024-11-07', 4, 1),
    ('2024-11-01', 4, 2),
    ('2024-11-09', 4, 3),
    ('2024-11-12', 4, 4),
    ('2024-11-07', 4, 5),
    ('2024-10-25', 5, 1),
    ('2024-11-07', 5, 2),
    ('2024-11-04', 5, 3),
    ('2024-10-29', 5, 4),
    ('2024-10-31', 5, 5),
    ('2024-11-04', 6, 1),
    ('2024-10-27', 6, 2),
    ('2024-10-30', 6, 3),
    ('2024-11-12', 6, 4),
    ('2024-11-06', 6, 5),
    ('2024-10-28', 7, 1),
    ('2024-11-05', 7, 2),
    ('2024-11-03', 7, 3),
    ('2024-11-09', 7, 4),
    ('2024-10-27', 7, 5),
    ('2024-11-12', 8, 1),
    ('2024-10-25', 8, 2),
    ('2024-10-25', 8, 3),
    ('2024-11-07', 8, 4),
    ('2024-10-27', 8, 5),
    ('2024-11-02', 9, 1),
    ('2024-10-28', 9, 2),
    ('2024-10-30', 9, 3),
    ('2024-11-02', 9, 4),
    ('2024-11-01', 9, 5),
    ('2024-10-28', 10, 1),
    ('2024-11-02', 10, 2),
    ('2024-11-11', 10, 3),
    ('2024-11-05', 10, 4),
    ('2024-11-07', 10, 5);

insert into seat_type(seat_price, seat_name)
values (55000, 'NORMAL'),
       (60000, 'VIP'),
       (120000, 'COUPLE');

INSERT INTO seats (seat_id, seat_number, seat_row, status, room_id, seat_type_id)
VALUES (1, 1, '1', 'In_progress', 1, 1),
       (2, 2, '1', 'Available', 1, 1),
       (3, 3, '1', 'Locked', 1, 1),
       (4, 4, '1', 'In_progress', 1, 2),
       (5, 5, '1', 'In_progress', 1, 3),
       (6, 6, '1', 'Available', 1, 3),
       (7, 7, '1', 'Pre_booked', 1, 1),
       (8, 8, '1', 'Locked', 1, 2),
       (9, 9, '1', 'Pre_booked', 1, 1),
       (10, 1, '2', 'In_progress', 1, 1),
       (11, 2, '2', 'Pre_booked', 1, 2),
       (12, 3, '2', 'Locked', 1, 3),
       (13, 4, '2', 'In_progress', 1, 2),
       (14, 5, '2', 'Booked', 1, 3),
       (15, 6, '2', 'In_progress', 1, 2),
       (16, 7, '2', 'Available', 1, 2),
       (17, 8, '2', 'Booked', 1, 2),
       (18, 9, '2', 'Pre_booked', 1, 2),
       (19, 1, '3', 'Booked', 1, 1),
       (20, 2, '3', 'Pre_booked', 1, 2),
       (21, 3, '3', 'Booked', 1, 3),
       (22, 4, '3', 'Locked', 1, 2),
       (23, 5, '3', 'Available', 1, 3),
       (24, 6, '3', 'Booked', 1, 2),
       (25, 7, '3', 'Pre_booked', 1, 3),
       (26, 8, '3', 'Locked', 1, 1),
       (27, 9, '3', 'Locked', 1, 3),
       (28, 1, '4', 'Pre_booked', 1, 1),
       (29, 2, '4', 'Booked', 1, 3),
       (30, 3, '4', 'In_progress', 1, 2),
       (31, 4, '4', 'Booked', 1, 3),
       (32, 5, '4', 'Locked', 1, 3),
       (33, 6, '4', 'Available', 1, 1),
       (34, 7, '4', 'Available', 1, 1),
       (35, 8, '4', 'Available', 1, 3),
       (36, 9, '4', 'Booked', 1, 2),
       (37, 1, '5', 'Available', 1, 2),
       (38, 2, '5', 'Locked', 1, 2),
       (39, 3, '5', 'Booked', 1, 3),
       (40, 4, '5', 'In_progress', 1, 3),
       (41, 5, '5', 'Locked', 1, 3),
       (42, 6, '5', 'Pre_booked', 1, 2),
       (43, 7, '5', 'Available', 1, 3),
       (44, 8, '5', 'Pre_booked', 1, 3),
       (45, 9, '5', 'Pre_booked', 1, 1),
       (46, 1, '6', 'Booked', 1, 1),
       (47, 2, '6', 'Pre_booked', 1, 1),
       (48, 3, '6', 'Locked', 1, 1),
       (49, 4, '6', 'Available', 1, 2),
       (50, 5, '6', 'Available', 1, 1),
       (51, 6, '6', 'Pre_booked', 1, 1),
       (52, 7, '6', 'Available', 1, 3),
       (53, 8, '6', 'In_progress', 1, 1),
       (54, 9, '6', 'Available', 1, 3),
       (55, 1, '7', 'Booked', 1, 1),
       (56, 2, '7', 'Booked', 1, 3),
       (57, 3, '7', 'Booked', 1, 3),
       (58, 4, '7', 'In_progress', 1, 1),
       (59, 5, '7', 'Available', 1, 1),
       (60, 6, '7', 'Booked', 1, 1),
       (61, 7, '7', 'Available', 1, 2),
       (62, 8, '7', 'Available', 1, 3),
       (63, 9, '7', 'Pre_booked', 1, 1),
       (64, 1, '8', 'Pre_booked', 1, 2),
       (65, 2, '8', 'Locked', 1, 3),
       (66, 3, '8', 'Locked', 1, 3),
       (67, 4, '8', 'Available', 1, 2),
       (68, 5, '8', 'Pre_booked', 1, 3),
       (69, 6, '8', 'Available', 1, 2),
       (70, 7, '8', 'Booked', 1, 1),
       (71, 8, '8', 'Locked', 1, 2),
       (72, 9, '8', 'Available', 1, 3),
       (73, 1, '9', 'Booked', 1, 1),
       (74, 2, '9', 'Locked', 1, 3),
       (75, 3, '9', 'Pre_booked', 1, 1),
       (76, 4, '9', 'In_progress', 1, 1),
       (77, 5, '9', 'Available', 1, 1),
       (78, 6, '9', 'Booked', 1, 1),
       (79, 7, '9', 'Pre_booked', 1, 2),
       (80, 8, '9', 'Pre_booked', 1, 1),
       (81, 9, '9', 'In_progress', 1, 2),
       (82, 1, '1', 'Booked', 2, 2),
       (83, 2, '1', 'In_progress', 2, 3),
       (84, 3, '1', 'Booked', 2, 1),
       (85, 4, '1', 'Locked', 2, 2),
       (86, 5, '1', 'Locked', 2, 1),
       (87, 6, '1', 'Locked', 2, 1),
       (88, 7, '1', 'Pre_booked', 2, 3),
       (89, 8, '1', 'In_progress', 2, 1),
       (90, 9, '1', 'In_progress', 2, 3),
       (91, 1, '2', 'In_progress', 2, 1),
       (92, 2, '2', 'Available', 2, 1),
       (93, 3, '2', 'Pre_booked', 2, 3),
       (94, 4, '2', 'Locked', 2, 1),
       (95, 5, '2', 'Booked', 2, 2),
       (96, 6, '2', 'In_progress', 2, 1),
       (97, 7, '2', 'Available', 2, 1),
       (98, 8, '2', 'Booked', 2, 3),
       (99, 9, '2', 'Pre_booked', 2, 3),
       (100, 1, '3', 'Pre_booked', 2, 2),
       (101, 2, '3', 'Locked', 2, 3),
       (102, 3, '3', 'In_progress', 2, 3),
       (103, 4, '3', 'In_progress', 2, 2),
       (104, 5, '3', 'Locked', 2, 1),
       (105, 6, '3', 'Pre_booked', 2, 2),
       (106, 7, '3', 'In_progress', 2, 2),
       (107, 8, '3', 'Booked', 2, 2),
       (108, 9, '3', 'Pre_booked', 2, 1),
       (109, 1, '4', 'Booked', 2, 3),
       (110, 2, '4', 'Pre_booked', 2, 2),
       (111, 3, '4', 'Locked', 2, 2),
       (112, 4, '4', 'Locked', 2, 3),
       (113, 5, '4', 'Pre_booked', 2, 2),
       (114, 6, '4', 'In_progress', 2, 2),
       (115, 7, '4', 'In_progress', 2, 3),
       (116, 8, '4', 'In_progress', 2, 1),
       (117, 9, '4', 'Booked', 2, 1),
       (118, 1, '5', 'Booked', 2, 2),
       (119, 2, '5', 'Pre_booked', 2, 3),
       (120, 3, '5', 'Booked', 2, 3),
       (121, 4, '5', 'Available', 2, 1),
       (122, 5, '5', 'Locked', 2, 1),
       (123, 6, '5', 'Locked', 2, 3),
       (124, 7, '5', 'Locked', 2, 2),
       (125, 8, '5', 'Available', 2, 3),
       (126, 9, '5', 'Available', 2, 2),
       (127, 1, '6', 'Booked', 2, 1),
       (128, 2, '6', 'Available', 2, 3),
       (129, 3, '6', 'In_progress', 2, 2),
       (130, 4, '6', 'Locked', 2, 2),
       (131, 5, '6', 'Pre_booked', 2, 2),
       (132, 6, '6', 'Booked', 2, 1),
       (133, 7, '6', 'Locked', 2, 2),
       (134, 8, '6', 'Locked', 2, 3),
       (135, 9, '6', 'Locked', 2, 2),
       (136, 1, '7', 'Available', 2, 1),
       (137, 2, '7', 'In_progress', 2, 1),
       (138, 3, '7', 'In_progress', 2, 1),
       (139, 4, '7', 'Booked', 2, 2),
       (140, 5, '7', 'In_progress', 2, 1),
       (141, 6, '7', 'Available', 2, 1),
       (142, 7, '7', 'In_progress', 2, 2),
       (143, 8, '7', 'In_progress', 2, 1),
       (144, 9, '7', 'Locked', 2, 2),
       (145, 1, '8', 'Locked', 2, 1),
       (146, 2, '8', 'Locked', 2, 3),
       (147, 3, '8', 'Booked', 2, 1),
       (148, 4, '8', 'In_progress', 2, 1),
       (149, 5, '8', 'Pre_booked', 2, 1),
       (150, 6, '8', 'Booked', 2, 3),
       (151, 7, '8', 'Available', 2, 1),
       (152, 8, '8', 'Locked', 2, 3),
       (153, 9, '8', 'Pre_booked', 2, 2),
       (154, 1, '9', 'Locked', 2, 3),
       (155, 2, '9', 'Locked', 2, 2),
       (156, 3, '9', 'Available', 2, 2),
       (157, 4, '9', 'Locked', 2, 3),
       (158, 5, '9', 'Locked', 2, 2),
       (159, 6, '9', 'Locked', 2, 2),
       (160, 7, '9', 'In_progress', 2, 1),
       (161, 8, '9', 'Pre_booked', 2, 1),
       (162, 9, '9', 'Booked', 2, 3),
       (163, 1, '1', 'In_progress', 3, 3),
       (164, 2, '1', 'In_progress', 3, 2),
       (165, 3, '1', 'Booked', 3, 1),
       (166, 4, '1', 'Pre_booked', 3, 2),
       (167, 5, '1', 'Available', 3, 2),
       (168, 6, '1', 'Locked', 3, 3),
       (169, 7, '1', 'Pre_booked', 3, 3),
       (170, 8, '1', 'Booked', 3, 1),
       (171, 9, '1', 'Booked', 3, 3),
       (172, 1, '2', 'Locked', 3, 2),
       (173, 2, '2', 'Locked', 3, 2),
       (174, 3, '2', 'Pre_booked', 3, 2),
       (175, 4, '2', 'Booked', 3, 1),
       (176, 5, '2', 'Pre_booked', 3, 3),
       (177, 6, '2', 'Pre_booked', 3, 3),
       (178, 7, '2', 'Booked', 3, 3),
       (179, 8, '2', 'Available', 3, 3),
       (180, 9, '2', 'Booked', 3, 3),
       (181, 1, '3', 'Locked', 3, 3),
       (182, 2, '3', 'Locked', 3, 2),
       (183, 3, '3', 'Booked', 3, 1),
       (184, 4, '3', 'In_progress', 3, 1),
       (185, 5, '3', 'In_progress', 3, 3),
       (186, 6, '3', 'Pre_booked', 3, 1),
       (187, 7, '3', 'Booked', 3, 2),
       (188, 8, '3', 'Locked', 3, 2),
       (189, 9, '3', 'Pre_booked', 3, 2),
       (190, 1, '4', 'Available', 3, 2),
       (191, 2, '4', 'Pre_booked', 3, 2),
       (192, 3, '4', 'In_progress', 3, 2),
       (193, 4, '4', 'Booked', 3, 2),
       (194, 5, '4', 'Booked', 3, 2),
       (195, 6, '4', 'Booked', 3, 1),
       (196, 7, '4', 'Booked', 3, 3),
       (197, 8, '4', 'Locked', 3, 3),
       (198, 9, '4', 'Pre_booked', 3, 1),
       (199, 1, '5', 'In_progress', 3, 2),
       (200, 2, '5', 'Locked', 3, 2),
       (201, 3, '5', 'Pre_booked', 3, 3),
       (202, 4, '5', 'Locked', 3, 3),
       (203, 5, '5', 'Pre_booked', 3, 3),
       (204, 6, '5', 'Available', 3, 1),
       (205, 7, '5', 'Available', 3, 3),
       (206, 8, '5', 'Available', 3, 1),
       (207, 9, '5', 'Locked', 3, 2),
       (208, 1, '6', 'Pre_booked', 3, 3),
       (209, 2, '6', 'Available', 3, 3),
       (210, 3, '6', 'In_progress', 3, 3),
       (211, 4, '6', 'In_progress', 3, 3),
       (212, 5, '6', 'Pre_booked', 3, 2),
       (213, 6, '6', 'In_progress', 3, 2),
       (214, 7, '6', 'Available', 3, 3),
       (215, 8, '6', 'Available', 3, 3),
       (216, 9, '6', 'Pre_booked', 3, 3),
       (217, 1, '7', 'Booked', 3, 1),
       (218, 2, '7', 'Booked', 3, 1),
       (219, 3, '7', 'Available', 3, 3),
       (220, 4, '7', 'Available', 3, 2),
       (221, 5, '7', 'Locked', 3, 3),
       (222, 6, '7', 'Available', 3, 2),
       (223, 7, '7', 'Available', 3, 3),
       (224, 8, '7', 'Available', 3, 3),
       (225, 9, '7', 'Available', 3, 2),
       (226, 1, '8', 'Pre_booked', 3, 3),
       (227, 2, '8', 'In_progress', 3, 3),
       (228, 3, '8', 'Available', 3, 2),
       (229, 4, '8', 'Booked', 3, 2),
       (230, 5, '8', 'In_progress', 3, 1),
       (231, 6, '8', 'Pre_booked', 3, 3),
       (232, 7, '8', 'Available', 3, 2),
       (233, 8, '8', 'In_progress', 3, 2),
       (234, 9, '8', 'Pre_booked', 3, 3),
       (235, 1, '9', 'Available', 3, 3),
       (236, 2, '9', 'In_progress', 3, 3),
       (237, 3, '9', 'Locked', 3, 1),
       (238, 4, '9', 'Booked', 3, 3),
       (239, 5, '9', 'Pre_booked', 3, 2),
       (240, 6, '9', 'In_progress', 3, 3),
       (241, 7, '9', 'Available', 3, 2),
       (242, 8, '9', 'Locked', 3, 3),
       (243, 9, '9', 'Available', 3, 2);

INSERT INTO booking (user_id, showtime_id, total_price, points_earned, booking_time)
VALUES
       (51, 18, 95891, 44070, '2024-10-31 18:14:00'),
       (133, 24, 67410, 81355, '2024-10-28 10:02:00'),
       (119, 43, 60421, 40416, '2024-10-29 10:49:00'),
       (83, 50, 83741, 42797, '2024-10-27 22:57:00'),
       (74, 47, 58499, 61133, '2024-10-31 16:27:00'),
       (26, 10, 71526, 57399, '2024-11-01 18:24:00'),
       (14, 40, 89666, 88163, '2024-10-30 10:39:00'),
       (52, 24, 61523, 43375, '2024-11-01 18:17:00'),
       (177, 41, 85806, 90179, '2024-10-28 23:23:00'),
       (174, 35, 87516, 96434, '2024-10-27 21:00:00'),
       (111, 12, 69633, 51141, '2024-10-29 18:56:00'),
       (52, 28, 65816, 40666, '2024-10-28 16:08:00'),
       (26, 15, 41771, 82860, '2024-10-30 15:55:00'),
       (167, 32, 70821, 50345, '2024-10-27 10:38:00'),
       (27, 23, 66944, 99439, '2024-10-27 15:12:00'),
       (53, 34, 78147, 95548, '2024-10-27 22:50:00'),
       (88, 34, 68224, 72457, '2024-10-31 15:49:00'),
       (19, 21, 53934, 48456, '2024-10-28 10:14:00'),
       (112, 12, 70539, 54825, '2024-10-31 21:25:00'),
       (94, 37, 57091, 66009, '2024-10-29 21:32:00'),
       (58, 37, 77480, 86902, '2024-11-01 23:16:00'),
       (125, 36, 96618, 87181, '2024-10-29 16:48:00'),
       (38, 31, 47429, 68488, '2024-10-30 18:04:00'),
       (23, 8, 67463, 49599, '2024-11-01 11:03:00'),
       (65, 46, 40518, 62425, '2024-10-28 13:05:00'),
       (14, 9, 93581, 72744, '2024-10-31 22:12:00'),
       (120, 31, 86231, 45303, '2024-11-01 11:00:00'),
       (44, 43, 86392, 80413, '2024-10-31 22:41:00'),
       (164, 36, 55658, 97594, '2024-10-29 19:54:00'),
       (119, 37, 90364, 73373, '2024-10-28 16:25:00'),
       (26, 31, 76158, 86944, '2024-10-30 10:15:00'),
       (160, 19, 92304, 48900, '2024-10-31 11:47:00'),
       (162, 34, 46425, 94534, '2024-10-31 21:43:00'),
       (81, 8, 96460, 65860, '2024-10-29 18:23:00'),
       (111, 31, 51695, 49294, '2024-10-28 20:58:00'),
       (113, 32, 71625, 83105, '2024-11-01 23:32:00'),
       (43, 45, 82012, 55787, '2024-10-29 14:37:00'),
       (142, 42, 68325, 49822, '2024-10-27 23:12:00'),
       (21, 22, 40529, 93502, '2024-10-30 16:06:00'),
       (44, 21, 54924, 45123, '2024-10-27 17:35:00'),
       (172, 31, 59543, 69991, '2024-10-27 15:37:00'),
       (68, 29, 60447, 49706, '2024-10-27 15:44:00'),
       (105, 11, 53548, 68691, '2024-11-01 14:33:00'),
       (36, 30, 89994, 98906, '2024-10-30 21:05:00'),
       (40, 30, 87185, 99391, '2024-10-27 13:06:00'),
       (70, 29, 98185, 99203, '2024-10-29 18:11:00'),
       (167, 42, 87636, 82503, '2024-10-28 12:33:00'),
       (16, 8, 47633, 87631, '2024-10-27 21:28:00'),
       (175, 45, 89751, 99677, '2024-10-30 18:59:00'),
       (136, 41, 74369, 64952, '2024-10-30 09:46:00'),
       (60, 2, 89952, 70368, '2024-10-31 21:49:00'),
       (36, 1, 45913, 59897, '2024-11-01 10:58:00'),
       (37, 26, 50796, 55499, '2024-11-01 11:36:00'),
       (75, 9, 68503, 59497, '2024-10-31 20:21:00'),
       (39, 1, 62268, 68163, '2024-10-31 11:33:00'),
       (140, 9, 68463, 94903, '2024-10-31 16:38:00'),
       (173, 46, 99237, 91047, '2024-10-31 11:43:00'),
       (106, 20, 57833, 96477, '2024-10-30 14:50:00'),
       (100, 38, 42743, 85589, '2024-10-27 12:58:00'),
       (48, 20, 97893, 86468, '2024-10-28 15:11:00'),
       (25, 17, 96906, 88464, '2024-10-28 15:07:00'),
       (39, 4, 80359, 55198, '2024-10-31 22:35:00'),
       (93, 40, 98168, 93767, '2024-10-30 13:38:00'),
       (105, 24, 55098, 87544, '2024-10-29 13:09:00'),
       (80, 10, 97680, 49912, '2024-10-30 10:59:00'),
       (51, 16, 92591, 86008, '2024-10-31 23:56:00'),
       (151, 45, 97694, 45287, '2024-10-30 17:12:00'),
       (171, 2, 62490, 85318, '2024-10-28 12:33:00'),
       (145, 31, 92631, 75863, '2024-10-31 19:36:00'),
       (52, 39, 80570, 97660, '2024-11-01 09:23:00'),
       (18, 31, 48156, 92875, '2024-10-30 22:12:00'),
       (27, 11, 97048, 45074, '2024-10-27 14:07:00'),
       (83, 34, 93574, 53961, '2024-11-01 09:28:00'),
       (153, 40, 85623, 90969, '2024-10-28 10:41:00'),
       (55, 45, 70973, 73461, '2024-10-27 18:44:00'),
       (167, 1, 85555, 47923, '2024-10-29 10:16:00'),
       (104, 24, 65005, 86888, '2024-10-29 19:11:00'),
       (181, 8, 92892, 81429, '2024-10-30 17:35:00'),
       (62, 46, 41040, 41454, '2024-10-27 23:32:00'),
       (95, 23, 52261, 62554, '2024-10-30 17:25:00'),
       (176, 11, 96420, 52762, '2024-10-31 15:27:00'),
       (161, 43, 40510, 67347, '2024-10-29 23:28:00'),
       (182, 35, 71679, 52429, '2024-11-01 23:57:00'),
       (180, 28, 48265, 52227, '2024-10-31 17:38:00'),
       (20, 18, 67519, 68288, '2024-10-31 16:39:00'),
       (178, 1, 85697, 76175, '2024-10-31 17:24:00'),
       (152, 9, 63434, 85532, '2024-10-28 12:41:00'),
       (110, 34, 69053, 75469, '2024-10-30 09:41:00'),
       (29, 50, 52266, 94457, '2024-10-27 19:07:00'),
       (165, 1, 62448, 97087, '2024-11-01 21:15:00'),
       (139, 7, 71822, 94355, '2024-10-31 13:42:00'),
       (136, 37, 92046, 40622, '2024-10-27 13:44:00'),
       (32, 22, 51799, 87854, '2024-11-01 13:14:00'),
       (113, 31, 93000, 68834, '2024-10-30 18:46:00'),
       (178, 40, 98475, 64122, '2024-10-27 23:05:00'),
       (59, 16, 75309, 53632, '2024-10-27 13:11:00'),
       (150, 4, 52549, 99221, '2024-10-27 13:31:00'),
       (58, 37, 64499, 51592, '2024-10-31 10:10:00'),
       (70, 6, 49531, 89988, '2024-10-27 10:59:00'),
       (118, 37, 73953, 63152, '2024-10-28 10:25:00'),
       (28, 36, 87634, 48599, '2024-10-29 16:32:00'),
       (48, 40, 97330, 98654, '2024-10-27 23:48:00'),
       (166, 14, 83881, 74113, '2024-11-01 11:40:00'),
       (60, 17, 90304, 77848, '2024-10-28 19:10:00'),
       (40, 6, 60297, 98686, '2024-10-28 11:19:00'),
       (79, 45, 46816, 65044, '2024-10-30 11:28:00'),
       (153, 31, 40362, 44895, '2024-10-27 13:51:00'),
       (164, 27, 54912, 50934, '2024-11-01 13:43:00'),
       (99, 32, 83504, 60938, '2024-10-28 19:17:00'),
       (131, 11, 42906, 67725, '2024-10-29 11:08:00'),
       (128, 48, 66697, 52216, '2024-10-29 10:21:00'),
       (93, 7, 86097, 73924, '2024-10-31 18:34:00'),
       (54, 21, 49046, 63907, '2024-10-28 17:54:00'),
       (66, 33, 81423, 69242, '2024-10-29 13:09:00'),
       (147, 13, 97276, 58154, '2024-11-01 23:50:00'),
       (72, 35, 74670, 81292, '2024-11-01 14:38:00'),
       (41, 44, 68216, 79922, '2024-11-01 21:42:00'),
       (116, 35, 55664, 78229, '2024-10-28 23:31:00'),
       (61, 48, 93862, 95397, '2024-11-01 13:05:00'),
       (176, 7, 80799, 95595, '2024-10-30 09:01:00'),
       (85, 37, 97257, 84258, '2024-11-01 18:57:00'),
       (18, 37, 85816, 77655, '2024-10-31 16:31:00'),
       (158, 46, 44833, 52088, '2024-11-01 19:13:00'),
       (172, 12, 57631, 99947, '2024-10-29 13:37:00'),
       (128, 26, 99547, 99945, '2024-11-01 21:03:00'),
       (59, 29, 79664, 95984, '2024-11-01 19:28:00'),
       (32, 16, 94147, 67178, '2024-10-31 10:48:00'),
       (127, 4, 91821, 56196, '2024-11-01 20:46:00'),
       (83, 41, 41940, 89459, '2024-10-29 17:11:00'),
       (139, 35, 98081, 70456, '2024-10-30 21:15:00'),
       (167, 34, 80518, 56079, '2024-11-01 22:22:00'),
       (99, 4, 64012, 60393, '2024-10-31 22:47:00'),
       (85, 39, 67190, 70984, '2024-10-30 10:37:00'),
       (43, 9, 43002, 95579, '2024-10-29 18:34:00'),
       (163, 9, 51952, 88057, '2024-10-29 16:10:00'),
       (68, 26, 57038, 55359, '2024-10-30 10:50:00'),
       (177, 26, 46607, 43330, '2024-10-28 09:45:00'),
       (15, 41, 53741, 43371, '2024-10-29 13:27:00'),
       (75, 32, 66465, 98385, '2024-10-30 16:36:00'),
       (156, 48, 85125, 55800, '2024-11-01 22:28:00'),
       (177, 4, 85106, 98544, '2024-10-28 12:34:00'),
       (161, 25, 90172, 76139, '2024-10-27 19:26:00'),
       (132, 11, 73441, 41440, '2024-10-31 17:51:00'),
       (86, 45, 60567, 92753, '2024-11-01 23:53:00'),
       (73, 27, 89638, 58030, '2024-11-01 17:22:00'),
       (12, 3, 73102, 46349, '2024-10-28 10:07:00'),
       (86, 8, 75944, 91217, '2024-10-31 21:47:00'),
       (61, 16, 56699, 53882, '2024-10-29 22:39:00'),
       (39, 10, 89727, 66741, '2024-10-30 20:27:00'),
       (170, 15, 43016, 63402, '2024-10-28 21:00:00'),
       (130, 20, 93593, 50942, '2024-10-30 19:43:00'),
       (60, 37, 97046, 79524, '2024-10-31 17:14:00'),
       (121, 29, 51594, 70354, '2024-10-29 20:15:00'),
       (93, 25, 67111, 60309, '2024-10-30 12:02:00'),
       (25, 10, 41091, 62126, '2024-10-28 23:42:00'),
       (94, 27, 64706, 72856, '2024-10-27 17:51:00'),
       (12, 42, 55238, 63681, '2024-10-29 09:27:00'),
       (125, 25, 44160, 91718, '2024-10-29 09:07:00'),
       (105, 34, 97315, 44959, '2024-10-27 09:37:00'),
       (120, 40, 87406, 67991, '2024-10-31 18:37:00'),
       (76, 2, 97984, 90742, '2024-11-01 11:53:00'),
       (135, 10, 73942, 64504, '2024-10-29 16:35:00'),
       (158, 50, 80334, 57289, '2024-10-30 14:31:00'),
       (55, 47, 97398, 92877, '2024-10-30 21:55:00'),
       (50, 14, 99499, 61643, '2024-10-27 21:42:00'),
       (157, 19, 56317, 91649, '2024-10-28 14:39:00'),
       (17, 36, 67377, 87156, '2024-10-27 11:39:00'),
       (111, 9, 42174, 56303, '2024-10-31 19:45:00'),
       (48, 1, 76661, 75880, '2024-10-31 17:37:00'),
       (132, 25, 80460, 75756, '2024-10-27 22:44:00'),
       (47, 45, 96880, 73032, '2024-10-29 23:41:00'),
       (62, 39, 84444, 48601, '2024-11-01 21:04:00'),
       (94, 12, 54099, 52660, '2024-10-28 19:25:00'),
       (14, 6, 83449, 49921, '2024-10-31 11:48:00'),
       (82, 27, 59807, 70094, '2024-10-27 21:19:00'),
       (119, 21, 64785, 46248, '2024-10-29 11:50:00'),
       (149, 27, 84417, 56618, '2024-10-29 23:38:00'),
       (114, 21, 47134, 52313, '2024-10-29 09:42:00'),
       (140, 50, 59496, 91543, '2024-10-30 16:09:00'),
       (22, 27, 56408, 80383, '2024-10-30 19:11:00'),
       (28, 19, 89057, 94696, '2024-10-29 22:00:00'),
       (63, 18, 98442, 77063, '2024-10-29 17:26:00'),
       (122, 22, 81285, 50553, '2024-10-28 17:10:00'),
       (47, 19, 52666, 85661, '2024-10-28 19:03:00'),
       (143, 28, 74227, 71549, '2024-10-31 16:39:00'),
       (122, 43, 94510, 91153, '2024-10-28 14:11:00'),
       (95, 12, 65718, 90572, '2024-10-30 12:57:00'),
       (141, 23, 52715, 64199, '2024-10-30 21:37:00'),
       (169, 10, 40842, 53179, '2024-10-29 13:47:00'),
       (100, 9, 86924, 49543, '2024-11-01 13:13:00'),
       (165, 35, 44916, 50317, '2024-11-01 17:19:00'),
       (86, 23, 52052, 46964, '2024-11-01 11:00:00'),
       (113, 4, 70495, 85851, '2024-10-27 17:37:00'),
       (45, 7, 94679, 48231, '2024-10-31 17:48:00'),
       (164, 36, 81820, 40523, '2024-10-28 20:41:00'),
       (101, 25, 89856, 97645, '2024-10-28 21:50:00'),
       (176, 26, 76191, 40226, '2024-10-30 15:04:00'),
       (42, 35, 74243, 77151, '2024-10-30 17:27:00'),
       (118, 40, 58210, 65120, '2024-10-31 13:14:00'),
       (133, 39, 57964, 84511, '2024-11-01 15:08:00'),
       (105, 47, 50716, 75660, '2024-10-30 10:55:00'),
       (94, 24, 98368, 67507, '2024-11-01 20:46:00'),
       (121, 37, 73859, 99582, '2024-11-01 11:51:00'),
       (88, 10, 45991, 92071, '2024-10-27 22:27:00'),
       (44, 18, 72496, 59933, '2024-10-29 09:49:00'),
       (94, 6, 93821, 50251, '2024-10-31 12:48:00'),
       (104, 23, 60374, 41210, '2024-10-29 22:29:00'),
       (46, 30, 80045, 62405, '2024-10-28 17:43:00'),
       (24, 45, 69540, 73872, '2024-10-30 17:14:00'),
       (177, 43, 53243, 93148, '2024-10-31 17:58:00'),
       (60, 14, 98491, 51796, '2024-10-31 09:06:00'),
       (83, 30, 67939, 81633, '2024-10-27 13:11:00'),
       (99, 41, 86014, 96001, '2024-10-27 18:53:00'),
       (145, 7, 72736, 86550, '2024-10-30 19:09:00'),
       (78, 22, 73915, 46528, '2024-10-28 22:16:00'),
       (63, 43, 42623, 63367, '2024-10-29 09:27:00'),
       (57, 16, 93078, 86781, '2024-11-01 16:37:00'),
       (123, 24, 79574, 62267, '2024-10-29 09:09:00'),
       (63, 27, 93187, 64613, '2024-11-01 10:44:00'),
       (26, 4, 72693, 53804, '2024-10-30 14:13:00'),
       (30, 25, 41682, 60086, '2024-10-31 18:27:00'),
       (29, 12, 82360, 57698, '2024-11-01 19:01:00'),
       (159, 1, 46684, 71794, '2024-10-31 13:18:00'),
       (27, 12, 53531, 88207, '2024-11-01 09:13:00'),
       (93, 11, 92994, 60607, '2024-10-30 15:29:00'),
       (139, 14, 76124, 98387, '2024-10-31 09:03:00'),
       (11, 6, 49658, 82681, '2024-10-30 18:39:00'),
       (179, 10, 82046, 86360, '2024-10-27 16:11:00'),
       (153, 36, 49085, 68437, '2024-10-27 09:14:00'),
       (133, 41, 99948, 70062, '2024-10-29 17:50:00'),
       (35, 35, 55120, 46820, '2024-10-30 13:47:00'),
       (103, 37, 74952, 99369, '2024-10-31 17:21:00'),
       (85, 18, 55151, 78186, '2024-10-31 23:17:00'),
       (93, 3, 40611, 60447, '2024-10-30 09:03:00'),
       (126, 21, 70067, 82702, '2024-10-29 10:38:00'),
       (112, 18, 50905, 94577, '2024-10-29 15:34:00'),
       (46, 1, 76548, 87021, '2024-10-30 11:21:00'),
       (154, 37, 79550, 77450, '2024-10-31 21:49:00'),
       (155, 40, 67899, 58384, '2024-10-30 18:40:00'),
       (116, 14, 69124, 59280, '2024-10-28 10:26:00'),
       (126, 17, 87952, 85668, '2024-11-01 23:21:00'),
       (89, 34, 62409, 72135, '2024-10-31 11:42:00'),
       (94, 18, 90763, 86966, '2024-10-28 19:46:00'),
       (12, 49, 47183, 65928, '2024-10-29 13:46:00'),
       (62, 49, 65108, 47050, '2024-10-27 16:00:00'),
       (92, 16, 68363, 48972, '2024-10-29 12:10:00'),
       (48, 13, 78245, 99248, '2024-10-30 23:10:00'),
       (88, 18, 96868, 71432, '2024-10-30 19:32:00'),
       (41, 49, 48981, 92705, '2024-10-29 18:30:00'),
       (26, 31, 96541, 55084, '2024-10-27 13:28:00'),
       (181, 50, 61284, 98652, '2024-10-27 19:00:00'),
       (172, 28, 80749, 78650, '2024-10-30 16:46:00'),
       (39, 36, 53082, 64909, '2024-10-31 18:11:00'),
       (75, 44, 75511, 79736, '2024-10-31 20:47:00'),
       (178, 3, 62906, 44173, '2024-10-29 17:54:00'),
       (144, 32, 42845, 54044, '2024-10-27 19:55:00'),
       (84, 44, 65334, 71872, '2024-10-31 21:09:00'),
       (160, 12, 77674, 96093, '2024-10-29 11:58:00'),
       (113, 15, 49403, 63288, '2024-11-01 14:55:00'),
       (45, 21, 41765, 97288, '2024-10-28 21:26:00'),
       (142, 5, 62754, 89065, '2024-11-01 19:24:00'),
       (117, 25, 86842, 86547, '2024-10-29 11:34:00'),
       (138, 49, 85737, 95267, '2024-10-30 09:08:00'),
       (18, 1, 89175, 94340, '2024-10-29 18:45:00'),
       (34, 30, 67632, 70833, '2024-10-29 22:43:00'),
       (166, 42, 96933, 69920, '2024-10-31 15:13:00'),
       (23, 24, 78397, 62174, '2024-11-01 12:38:00'),
       (124, 21, 98344, 95792, '2024-10-27 20:08:00');

insert into combo_offers (
    combo_name, description, image_combo,
    price
)
values
    (
        'Crunchy Couple Combo', '
- Voucher có giá trị quy đổi thành 1 Hộp Bắp Harmony, 1 Snack Tự Chọn & 2 Nước Ngọt bất kì

- Quý khách vui lòng đổi voucher tại quầy Bắp Nước',
        'https://media.lottecinemavn.com/Media/WebAdmin/3853e60199f74b76b07a1f5bf76e59b0.png',
        '157.091'
    ),
    (
        'Crunchy Combo', '
- Voucher có giá trị quy đổi thành 1 Hộp Bắp Harmony, 1 Snack & 1 Nước Ngọt bất kì

- Quý khách vui lòng đổi voucher tại quầy Bắp Nước',
        'https://media.lottecinemavn.com/Media/WebAdmin/35e46d352dfd44ba87393319ed00822d.png',
        '128.618'
    ),
    (
        'Harmony Plus', '
- Voucher có giá trị quy đổi thành 1 Hộp Bắp Harmony, 1 Nước Tinh Khiết & 1 Nước Ngọt bất kì

- Quý khách vui lòng đổi voucher tại quầy Bắp Nước',
        'https://media.lottecinemavn.com/Media/WebAdmin/1c9177408e474385994e97e6c241d61c.png',
        '132.545'
    ),
    (
        'Harmony Couple', '
- Voucher có giá trị quy đổi thành 1 Hộp Bắp Harmony & 2 Nước Ngọt bất kì

- Quý khách vui lòng đổi voucher tại quầy Bắp Nước',
        'https://media.lottecinemavn.com/Media/WebAdmin/f28cf0aa274447a3aa5919e9c1de7d31.png',
        '134.509'
    );

INSERT INTO booking_combo (booking_id, combo_id, quantity)
VALUES
    (1, 1, 2),
    (2, 2, 4),
    (3, 1, 4),
    (4, 1, 1),
    (5, 2, 3),
    (6, 4, 4),
    (7, 4, 2),
    (8, 3, 3),
    (9, 4, 1),
    (10, 2, 2),
    (11, 2, 2),
    (12, 4, 1),
    (13, 3, 1),
    (14, 4, 2),
    (15, 4, 3),
    (16, 3, 4),
    (17, 2, 5),
    (18, 4, 2),
    (19, 3, 2),
    (20, 4, 4),
    (21, 1, 4),
    (22, 3, 1),
    (23, 3, 2),
    (24, 4, 2),
    (25, 1, 1),
    (26, 4, 1),
    (27, 2, 3),
    (28, 4, 5),
    (29, 1, 5),
    (30, 4, 1),
    (31, 4, 1),
    (32, 4, 5),
    (33, 3, 3),
    (34, 3, 5),
    (35, 3, 1),
    (36, 2, 5),
    (37, 1, 5),
    (38, 1, 5),
    (39, 2, 2),
    (40, 2, 4),
    (41, 4, 5),
    (42, 2, 4),
    (43, 1, 4),
    (44, 1, 1),
    (45, 4, 4),
    (46, 3, 2),
    (47, 4, 2),
    (48, 1, 2),
    (49, 3, 3),
    (50, 4, 2),
    (51, 3, 1),
    (52, 3, 5),
    (53, 4, 3),
    (54, 3, 4),
    (55, 2, 5),
    (56, 2, 2),
    (57, 4, 2),
    (58, 3, 5),
    (59, 1, 4),
    (60, 2, 2),
    (61, 3, 2),
    (62, 4, 3),
    (63, 1, 3),
    (64, 3, 3),
    (65, 4, 5),
    (66, 1, 4),
    (67, 3, 1),
    (68, 1, 1),
    (69, 4, 3),
    (70, 2, 3),
    (71, 3, 2),
    (72, 3, 5),
    (73, 4, 5),
    (74, 1, 2),
    (75, 1, 3),
    (76, 4, 1),
    (77, 3, 3),
    (78, 3, 1),
    (79, 3, 1),
    (80, 2, 3),
    (81, 2, 2),
    (82, 2, 2),
    (83, 3, 1),
    (84, 1, 3),
    (85, 2, 2),
    (86, 3, 3),
    (87, 3, 5),
    (88, 1, 3),
    (89, 1, 1),
    (90, 2, 5),
    (91, 4, 5),
    (92, 1, 3),
    (93, 1, 1),
    (94, 2, 1),
    (95, 4, 2),
    (96, 1, 3),
    (97, 4, 5),
    (98, 3, 4),
    (99, 1, 4),
    (100, 3, 2),
    (101, 3, 2),
    (102, 2, 3),
    (103, 2, 4),
    (104, 4, 5),
    (105, 3, 1),
    (106, 1, 2),
    (107, 3, 5),
    (108, 4, 2),
    (109, 4, 5),
    (110, 2, 5),
    (111, 3, 1),
    (112, 2, 2),
    (113, 1, 5),
    (114, 1, 4),
    (115, 3, 3),
    (116, 2, 5),
    (117, 3, 3),
    (118, 1, 2),
    (119, 1, 3),
    (120, 2, 2),
    (121, 2, 1),
    (122, 2, 4),
    (123, 1, 3),
    (124, 2, 1),
    (125, 3, 1),
    (126, 1, 1),
    (127, 3, 2),
    (128, 3, 1),
    (129, 3, 4),
    (130, 4, 5),
    (131, 3, 3),
    (132, 4, 2),
    (133, 3, 2),
    (134, 3, 1),
    (135, 3, 5),
    (136, 2, 2),
    (137, 3, 2),
    (138, 2, 5),
    (139, 1, 3),
    (140, 3, 4),
    (141, 3, 1),
    (142, 4, 5),
    (143, 2, 4),
    (144, 1, 2),
    (145, 2, 3),
    (146, 1, 1),
    (147, 3, 2),
    (148, 3, 2),
    (149, 4, 2),
    (150, 2, 3),
    (151, 3, 4),
    (152, 3, 1),
    (153, 4, 5),
    (154, 4, 3),
    (155, 3, 2),
    (156, 4, 4),
    (157, 1, 5),
    (158, 1, 2),
    (159, 1, 5),
    (160, 4, 4),
    (161, 4, 5),
    (162, 2, 2),
    (163, 4, 5),
    (164, 1, 2),
    (165, 1, 3),
    (166, 4, 2),
    (167, 4, 2),
    (168, 3, 5),
    (169, 4, 4),
    (170, 4, 4),
    (171, 3, 4),
    (172, 3, 4),
    (173, 4, 2),
    (174, 2, 4),
    (175, 4, 5),
    (176, 1, 2),
    (177, 4, 4),
    (178, 1, 2),
    (179, 1, 4),
    (180, 2, 2),
    (181, 2, 2),
    (182, 1, 3),
    (183, 4, 5),
    (184, 3, 4),
    (185, 3, 3),
    (186, 4, 3),
    (187, 1, 5),
    (188, 3, 4),
    (189, 4, 5),
    (190, 3, 1),
    (191, 4, 4),
    (192, 1, 1),
    (193, 1, 3),
    (194, 2, 2),
    (195, 2, 1),
    (196, 3, 4),
    (197, 4, 1),
    (198, 2, 3),
    (199, 2, 2),
    (200, 3, 1);

INSERT INTO booking_seat (booking_id, seat_id)
VALUES (135, 175),
       (43, 101),
       (147, 149),
       (37, 134),
       (129, 164),
       (90, 172),
       (45, 30),
       (43, 60),
       (47, 219),
       (168, 100),
       (35, 74),
       (31, 122),
       (18, 3),
       (149, 105),
       (94, 169),
       (118, 108),
       (125, 13),
       (107, 126),
       (9, 67),
       (123, 61),
       (65, 138),
       (51, 221),
       (123, 88),
       (24, 213),
       (85, 61),
       (191, 79),
       (151, 15),
       (118, 76),
       (89, 49),
       (6, 182),
       (183, 242),
       (69, 229),
       (104, 196),
       (70, 54),
       (54, 186),
       (100, 64),
       (198, 230),
       (68, 102),
       (104, 43),
       (46, 129),
       (133, 97),
       (169, 190),
       (23, 243),
       (163, 232),
       (194, 210),
       (129, 239),
       (157, 81),
       (111, 221),
       (70, 31),
       (189, 131),
       (125, 223),
       (112, 33),
       (128, 148),
       (192, 151),
       (121, 109),
       (27, 83),
       (82, 117),
       (90, 148),
       (175, 192),
       (191, 69),
       (48, 160),
       (120, 27),
       (131, 176),
       (80, 192),
       (38, 223),
       (35, 68),
       (2, 129),
       (63, 243),
       (65, 96),
       (48, 25),
       (138, 166),
       (83, 1),
       (97, 137),
       (21, 35),
       (36, 136),
       (2, 3),
       (74, 19),
       (136, 3),
       (25, 14),
       (30, 101),
       (131, 153),
       (177, 120),
       (174, 133),
       (92, 180),
       (100, 193),
       (140, 229),
       (172, 32),
       (178, 112),
       (184, 43),
       (127, 128),
       (93, 135),
       (134, 33),
       (120, 116),
       (165, 29),
       (122, 207),
       (186, 210),
       (175, 70),
       (46, 96),
       (106, 199),
       (41, 228),
       (24, 157),
       (18, 86),
       (190, 207),
       (4, 44),
       (80, 164),
       (177, 133),
       (143, 140),
       (156, 168),
       (172, 45),
       (7, 225),
       (173, 19),
       (58, 38),
       (19, 217),
       (122, 202),
       (96, 159),
       (141, 81),
       (59, 128),
       (181, 126),
       (166, 92),
       (174, 105),
       (138, 30),
       (66, 23),
       (100, 174),
       (9, 154),
       (120, 241),
       (198, 151),
       (55, 242),
       (136, 87),
       (104, 153),
       (26, 215),
       (151, 237),
       (62, 147),
       (59, 11),
       (35, 44),
       (102, 210),
       (188, 161),
       (48, 239),
       (192, 122),
       (106, 180),
       (153, 121),
       (142, 121),
       (104, 27),
       (10, 230),
       (146, 100),
       (47, 139),
       (45, 206),
       (200, 229),
       (184, 230),
       (130, 30),
       (77, 176),
       (60, 105),
       (135, 108),
       (133, 175),
       (72, 79),
       (188, 120),
       (74, 107),
       (13, 115),
       (84, 166),
       (193, 234),
       (189, 200),
       (169, 142),
       (143, 242),
       (72, 200),
       (172, 147),
       (112, 102),
       (190, 201),
       (157, 24),
       (121, 178),
       (97, 220),
       (43, 11),
       (61, 145),
       (73, 119),
       (142, 237),
       (170, 79),
       (117, 73),
       (170, 88),
       (163, 58),
       (162, 242),
       (13, 110),
       (66, 125),
       (95, 161),
       (48, 238),
       (95, 170),
       (107, 135),
       (181, 84),
       (27, 35),
       (79, 73),
       (99, 149),
       (48, 85),
       (65, 174),
       (160, 6),
       (38, 166),
       (7, 160),
       (38, 175),
       (121, 191),
       (195, 140),
       (176, 145),
       (68, 26),
       (149, 118),
       (82, 217),
       (3, 73),
       (79, 41),
       (35, 105),
       (89, 85),
       (55, 83),
       (81, 1),
       (198, 19),
       (110, 46),
       (190, 173),
       (11, 49),
       (14, 185),
       (169, 217),
       (14, 203),
       (62, 100),
       (169, 235),
       (1, 242),
       (122, 123),
       (180, 110),
       (138, 104),
       (122, 150),
       (126, 147),
       (79, 72),
       (6, 60),
       (56, 177),
       (197, 45),
       (144, 128),
       (116, 57),
       (51, 238),
       (144, 146),
       (64, 37),
       (127, 84),
       (68, 7),
       (75, 150),
       (24, 77),
       (30, 160),
       (29, 201),
       (58, 8),
       (47, 69),
       (104, 222),
       (139, 188),
       (189, 18),
       (24, 216),
       (69, 129),
       (132, 167),
       (191, 64),
       (170, 41),
       (79, 170),
       (79, 179),
       (46, 2),
       (31, 102),
       (48, 173),
       (55, 50),
       (13, 81),
       (4, 112),
       (63, 198),
       (160, 112),
       (164, 231),
       (65, 118),
       (19, 11),
       (171, 145),
       (121, 126),
       (41, 35),
       (168, 228),
       (176, 89),
       (190, 234),
       (172, 207),
       (10, 56),
       (8, 123),
       (114, 113),
       (82, 179),
       (40, 173),
       (178, 125),
       (79, 12),
       (23, 111),
       (103, 131),
       (44, 152),
       (55, 63),
       (101, 30),
       (10, 159),
       (33, 161),
       (177, 7),
       (93, 193),
       (21, 34),
       (175, 92),
       (94, 18),
       (123, 72),
       (55, 175),
       (161, 193),
       (74, 36),
       (59, 182),
       (110, 129),
       (200, 50),
       (193, 163),
       (102, 143),
       (186, 133),
       (169, 71),
       (52, 151),
       (118, 96),
       (18, 18),
       (96, 105),
       (40, 24),
       (75, 238),
       (109, 151),
       (52, 7),
       (87, 221),
       (53, 228),
       (87, 230),
       (130, 210),
       (33, 30),
       (161, 188),
       (20, 60),
       (181, 166),
       (62, 84),
       (22, 11),
       (194, 212),
       (155, 141),
       (130, 75),
       (87, 104),
       (154, 5),
       (92, 219),
       (115, 184),
       (50, 213),
       (131, 21),
       (116, 158),
       (77, 50),
       (6, 8),
       (139, 132),
       (168, 168),
       (195, 42),
       (21, 15),
       (106, 238),
       (79, 132),
       (184, 5),
       (94, 102),
       (21, 127),
       (2, 37),
       (149, 56),
       (4, 65),
       (78, 14),
       (124, 139),
       (13, 61),
       (64, 97),
       (198, 186),
       (65, 71),
       (17, 31),
       (117, 127),
       (175, 59),
       (5, 47),
       (62, 29),
       (195, 64),
       (96, 180),
       (168, 28),
       (190, 214),
       (65, 201),
       (95, 62),
       (66, 26),
       (151, 222),
       (80, 189),
       (49, 220),
       (172, 43),
       (194, 49),
       (100, 51),
       (31, 180),
       (3, 118),
       (61, 50),
       (72, 199),
       (70, 135),
       (4, 199),
       (102, 78),
       (105, 22),
       (157, 23),
       (74, 16),
       (30, 80),
       (4, 37),
       (48, 143),
       (100, 10),
       (45, 74),
       (88, 54),
       (82, 1),
       (194, 62),
       (168, 162),
       (175, 67),
       (42, 41),
       (130, 172),
       (39, 26),
       (126, 183),
       (170, 217),
       (111, 140),
       (182, 200),
       (194, 165),
       (158, 90),
       (167, 68),
       (183, 183),
       (115, 128),
       (113, 195),
       (176, 144),
       (132, 217),
       (187, 162),
       (188, 127),
       (151, 59),
       (22, 94),
       (131, 10),
       (93, 145),
       (101, 85),
       (100, 126),
       (93, 1),
       (193, 97),
       (122, 55),
       (46, 173),
       (37, 204),
       (168, 31),
       (131, 131),
       (132, 185),
       (5, 144),
       (143, 105),
       (78, 223),
       (167, 81),
       (47, 6),
       (134, 11),
       (174, 196),
       (155, 192),
       (9, 236),
       (58, 12),
       (140, 72),
       (43, 130),
       (135, 222),
       (42, 31),
       (107, 160),
       (63, 72),
       (137, 21),
       (136, 205),
       (128, 219),
       (37, 199),
       (105, 74),
       (146, 124),
       (144, 154),
       (36, 230),
       (34, 68),
       (93, 117),
       (94, 189),
       (95, 163),
       (83, 207),
       (19, 15),
       (24, 130),
       (135, 217),
       (173, 91),
       (102, 49),
       (128, 205),
       (10, 231),
       (4, 8),
       (3, 192),
       (152, 144),
       (7, 153),
       (135, 82),
       (184, 222),
       (120, 219),
       (92, 148),
       (147, 56),
       (11, 141),
       (37, 50),
       (113, 207),
       (32, 102),
       (23, 133),
       (103, 153),
       (175, 29),
       (34, 148),
       (165, 64),
       (35, 125),
       (83, 49),
       (94, 49),
       (65, 162),
       (183, 145),
       (26, 152),
       (134, 225),
       (127, 100),
       (28, 216),
       (56, 58),
       (100, 232),
       (145, 145),
       (186, 146),
       (78, 55),
       (112, 206),
       (95, 135),
       (104, 202),
       (80, 6),
       (158, 182),
       (78, 82),
       (50, 11),
       (1, 109),
       (125, 23),
       (154, 77),
       (30, 32),
       (44, 34),
       (181, 170),
       (147, 37),
       (1, 230),
       (2, 64),
       (108, 82),
       (97, 54),
       (86, 63);